date,excel_row,CHECK_SUM_TOTALES_EMPRESA,TOTAL_MERCADO,diff_mercado,check,company,CHECK_SUM_MODALIDADES,TOTAL_EMPRESA,diff_empresa,row_excel,raw_date,expected_date,parsed_raw_date,raw_date_unparseable,raw_date_mismatch_expected
2008-12-01,13.0,11692248.0,11692248.0,0.0,mercado,,,,,,,,,,
2009-01-01,14.0,11790957.0,11790957.0,0.0,mercado,,,,,,,,,,
2009-02-01,15.0,11899377.0,11899377.0,0.0,mercado,,,,,,,,,,
2009-03-01,16.0,12055574.0,12055574.0,0.0,mercado,,,,,,,,,,
2009-04-01,17.0,12135012.0,12135012.0,0.0,mercado,,,,,,,,,,
2009-05-01,18.0,12274935.0,12274935.0,0.0,mercado,,,,,,,,,,
2009-06-01,19.0,12370678.0,12370678.0,0.0,mercado,,,,,,,,,,
2009-07-01,20.0,12496611.0,12496611.0,0.0,mercado,,,,,,,,,,
2009-08-01,21.0,12638249.0,12638249.0,0.0,mercado,,,,,,,,,,
2009-09-01,22.0,12778577.0,12778577.0,0.0,mercado,,,,,,,,,,
2009-10-01,23.0,12930782.0,12930782.0,0.0,mercado,,,,,,,,,,
2009-11-01,24.0,13087943.0,13087943.0,0.0,mercado,,,,,,,,,,
2009-12-01,25.0,13454600.0,13454600.0,0.0,mercado,,,,,,,,,,
2010-01-01,26.0,13638487.0,13638487.0,0.0,mercado,,,,,,,,,,
2010-02-01,27.0,13772170.0,13772170.0,0.0,mercado,,,,,,,,,,
2010-03-01,28.0,13921436.0,13921436.0,0.0,mercado,,,,,,,,,,
2010-04-01,29.0,14059363.0,14059363.0,0.0,mercado,,,,,,,,,,
2010-05-01,30.0,14180956.0,14180956.0,0.0,mercado,,,,,,,,,,
2010-06-01,31.0,14315292.0,14315292.0,0.0,mercado,,,,,,,,,,
2010-07-01,32.0,14408060.0,14408060.0,0.0,mercado,,,,,,,,,,
2010-08-01,33.0,14529836.0,14529836.0,0.0,mercado,,,,,,,,,,
2010-09-01,34.0,14645796.0,14645796.0,0.0,mercado,,,,,,,,,,
2010-10-01,35.0,14769456.0,14769456.0,0.0,mercado,,,,,,,,,,
2010-11-01,36.0,14891181.0,14891181.0,0.0,mercado,,,,,,,,,,
2010-12-01,37.0,15118831.0,15118831.0,0.0,mercado,,,,,,,,,,
2011-01-01,38.0,15279037.0,15279037.0,0.0,mercado,,,,,,,,,,
2011-02-01,39.0,15414679.0,15414679.0,0.0,mercado,,,,,,,,,,
2011-03-01,40.0,15507340.0,15507340.0,0.0,mercado,,,,,,,,,,
2011-04-01,41.0,15553320.0,15553320.0,0.0,mercado,,,,,,,,,,
2011-05-01,42.0,15670691.0,15670691.0,0.0,mercado,,,,,,,,,,
2011-06-01,43.0,15748728.0,15748728.0,0.0,mercado,,,,,,,,,,
2011-07-01,44.0,15786384.0,15786384.0,0.0,mercado,,,,,,,,,,
2011-08-01,45.0,15846883.0,15846883.0,0.0,mercado,,,,,,,,,,
2011-09-01,46.0,15868012.0,15868012.0,0.0,mercado,,,,,,,,,,
2011-10-01,47.0,15897430.0,15897430.0,0.0,mercado,,,,,,,,,,
2011-11-01,48.0,15886233.0,15886233.0,0.0,mercado,,,,,,,,,,
2011-12-01,49.0,15874558.0,15874558.0,0.0,mercado,,,,,,,,,,
2012-01-01,50.0,15966052.0,15966052.0,0.0,mercado,,,,,,,,,,
2012-02-01,51.0,16071687.0,16071687.0,0.0,mercado,,,,,,,,,,
2012-03-01,52.0,16146158.0,16146158.0,0.0,mercado,,,,,,,,,,
2012-04-01,53.0,16232506.0,16232506.0,0.0,mercado,,,,,,,,,,
2012-05-01,54.0,16342688.0,16342688.0,0.0,mercado,,,,,,,,,,
2012-06-01,55.0,16393215.0,16393215.0,0.0,mercado,,,,,,,,,,
2012-07-01,56.0,16432588.0,16432588.0,0.0,mercado,,,,,,,,,,
2012-08-01,57.0,16484544.0,16484544.0,0.0,mercado,,,,,,,,,,
2012-09-01,58.0,16552738.0,16552738.0,0.0,mercado,,,,,,,,,,
2012-10-01,59.0,16776649.0,16776649.0,0.0,mercado,,,,,,,,,,
2012-11-01,60.0,16922001.0,16922001.0,0.0,mercado,,,,,,,,,,
2012-12-01,61.0,17086863.0,17086863.0,0.0,mercado,,,,,,,,,,
2013-01-01,62.0,17237823.0,17237823.0,0.0,mercado,,,,,,,,,,
2013-02-01,63.0,17357175.0,17357175.0,0.0,mercado,,,,,,,,,,
2013-03-01,64.0,17402572.0,17402572.0,0.0,mercado,,,,,,,,,,
2013-04-01,65.0,17490994.0,17490994.0,0.0,mercado,,,,,,,,,,
2013-05-01,66.0,17069159.0,17069159.0,0.0,mercado,,,,,,,,,,
2013-06-01,67.0,17140834.0,17140834.0,0.0,mercado,,,,,,,,,,
2013-07-01,68.0,17215044.0,17215044.0,0.0,mercado,,,,,,,,,,
2013-08-01,69.0,17283494.0,17283494.0,0.0,mercado,,,,,,,,,,
2013-09-01,70.0,17345429.0,17345429.0,0.0,mercado,,,,,,,,,,
2013-10-01,71.0,17429706.0,17429706.0,0.0,mercado,,,,,,,,,,
2013-11-01,72.0,17462039.0,17462039.0,0.0,mercado,,,,,,,,,,
2013-12-01,73.0,17541754.0,17541754.0,0.0,mercado,,,,,,,,,,
2014-01-01,74.0,17868886.0,17868886.0,0.0,mercado,,,,,,,,,,
2014-02-01,75.0,17917782.0,17917782.0,0.0,mercado,,,,,,,,,,
2014-03-01,76.0,17960662.0,17960662.0,0.0,mercado,,,,,,,,,,
2014-04-01,77.0,17988379.0,17988379.0,0.0,mercado,,,,,,,,,,
2014-05-01,78.0,17999848.0,17999848.0,0.0,mercado,,,,,,,,,,
2014-06-01,79.0,18057049.0,18057049.0,0.0,mercado,,,,,,,,,,
2014-07-01,80.0,18038456.0,18038456.0,0.0,mercado,,,,,,,,,,
2014-08-01,81.0,18065986.0,18065986.0,0.0,mercado,,,,,,,,,,
2014-09-01,82.0,18021312.0,18021312.0,0.0,mercado,,,,,,,,,,
2014-10-01,83.0,18025031.0,18025031.0,0.0,mercado,,,,,,,,,,
2014-11-01,84.0,18033231.0,18033231.0,0.0,mercado,,,,,,,,,,
2014-12-01,85.0,17604557.0,17604557.0,0.0,mercado,,,,,,,,,,
2015-01-01,86.0,17260792.0,17260792.0,0.0,mercado,,,,,,,,,,
2015-02-01,87.0,16854517.0,16854517.0,0.0,mercado,,,,,,,,,,
2015-03-01,88.0,16260539.0,16260539.0,0.0,mercado,,,,,,,,,,
2015-04-01,89.0,16054363.0,16054363.0,0.0,mercado,,,,,,,,,,
2015-05-01,90.0,15793210.0,15793210.0,0.0,mercado,,,,,,,,,,
2015-06-01,91.0,15666883.0,15666883.0,0.0,mercado,,,,,,,,,,
2015-07-01,92.0,15117396.0,15117396.0,0.0,mercado,,,,,,,,,,
2015-08-01,93.0,14959698.0,14959698.0,0.0,mercado,,,,,,,,,,
2015-09-01,94.0,14755468.0,14755468.0,0.0,mercado,,,,,,,,,,
2015-10-01,95.0,14366993.0,14366993.0,0.0,mercado,,,,,,,,,,
2015-11-01,96.0,14122460.0,14122460.0,0.0,mercado,,,,,,,,,,
2015-12-01,97.0,13859020.0,13859020.0,0.0,mercado,,,,,,,,,,
2016-01-01,98.0,13833961.0,13833961.0,0.0,mercado,,,,,,,,,,
2016-02-01,99.0,13922619.0,13922619.0,0.0,mercado,,,,,,,,,,
2016-03-01,100.0,14022669.0,14022669.0,0.0,mercado,,,,,,,,,,
2016-04-01,101.0,14191494.0,14191494.0,0.0,mercado,,,,,,,,,,
2016-05-01,102.0,14227037.0,14227037.0,0.0,mercado,,,,,,,,,,
2016-06-01,103.0,14540064.0,14540064.0,0.0,mercado,,,,,,,,,,
2016-07-01,104.0,14721505.0,14721505.0,0.0,mercado,,,,,,,,,,
2016-08-01,105.0,14908215.0,14908215.0,0.0,mercado,,,,,,,,,,
2016-09-01,106.0,14844649.0,14844649.0,0.0,mercado,,,,,,,,,,
2016-10-01,107.0,14874375.0,14874375.0,0.0,mercado,,,,,,,,,,
2016-11-01,108.0,14742423.0,14742423.0,0.0,mercado,,,,,,,,,,
2016-12-01,109.0,14848134.0,14848134.0,0.0,mercado,,,,,,,,,,
2017-01-01,110.0,14873225.931236574,14873225.931236574,0.0,mercado,,,,,,,,,,
2017-02-01,111.0,14969481.0,14969481.0,0.0,mercado,,,,,,,,,,
2017-03-01,112.0,14971067.0,14971067.0,0.0,mercado,,,,,,,,,,
2017-04-01,113.0,15104467.0,15104467.0,0.0,mercado,,,,,,,,,,
2017-05-01,114.0,15061858.0,15061858.0,0.0,mercado,,,,,,,,,,
2017-06-01,115.0,14976771.0,14976771.0,0.0,mercado,,,,,,,,,,
2017-07-01,116.0,15055210.0,15055210.0,0.0,mercado,,,,,,,,,,
2017-08-01,117.0,15049997.0,15049997.0,0.0,mercado,,,,,,,,,,
2017-09-01,118.0,15037221.0,15037221.0,0.0,mercado,,,,,,,,,,
2017-10-01,119.0,14947399.0,14947399.0,0.0,mercado,,,,,,,,,,
2017-11-01,120.0,14915993.0,14915993.0,0.0,mercado,,,,,,,,,,
2017-12-01,121.0,14651404.0,14651404.0,0.0,mercado,,,,,,,,,,
2018-01-01,122.0,14726556.0,14726556.0,0.0,mercado,,,,,,,,,,
2018-02-01,123.0,14802099.0,14802099.0,0.0,mercado,,,,,,,,,,
2018-03-01,124.0,14893704.0,14893704.0,0.0,mercado,,,,,,,,,,
2018-04-01,125.0,15011861.0,15011861.0,0.0,mercado,,,,,,,,,,
2018-05-01,126.0,15114497.0,15114497.0,0.0,mercado,,,,,,,,,,
2018-06-01,127.0,15223552.0,15223552.0,0.0,mercado,,,,,,,,,,
2018-07-01,128.0,15383994.0,15383994.0,0.0,mercado,,,,,,,,,,
2018-08-01,129.0,15423114.0,15423114.0,0.0,mercado,,,,,,,,,,
2018-09-01,130.0,15548544.0,15548544.0,0.0,mercado,,,,,,,,,,
2018-10-01,131.0,15582936.0,15582936.0,0.0,mercado,,,,,,,,,,
2018-11-01,132.0,15668683.0,15668683.0,0.0,mercado,,,,,,,,,,
2018-12-01,133.0,15772838.0,15772838.0,0.0,mercado,,,,,,,,,,
2019-01-01,134.0,15841541.0,15841541.0,0.0,mercado,,,,,,,,,,
2019-02-01,135.0,15899579.0,15899579.0,0.0,mercado,,,,,,,,,,
2019-03-01,136.0,15896959.0,15896959.0,0.0,mercado,,,,,,,,,,
2019-04-01,137.0,15957061.0,15957061.0,0.0,mercado,,,,,,,,,,
2019-05-01,138.0,15949442.0,15949442.0,0.0,mercado,,,,,,,,,,
2019-06-01,139.0,15968846.0,15968846.0,0.0,mercado,,,,,,,,,,
2019-07-01,140.0,15870410.0,15870410.0,0.0,mercado,,,,,,,,,,
2019-08-01,141.0,15894418.0,15894418.0,0.0,mercado,,,,,,,,,,
2019-09-01,142.0,15844865.0,15844865.0,0.0,mercado,,,,,,,,,,
2019-10-01,143.0,15731751.0,15731751.0,0.0,mercado,,,,,,,,,,
2019-11-01,144.0,15776241.0,15776241.0,0.0,mercado,,,,,,,,,,
2019-12-01,145.0,15853100.0,15853100.0,0.0,mercado,,,,,,,,,,
2020-01-01,146.0,15906957.0,15906957.0,0.0,mercado,,,,,,,,,,
2020-02-01,147.0,15918458.0,15918458.0,0.0,mercado,,,,,,,,,,
2020-03-01,148.0,15779221.0,15779221.0,0.0,mercado,,,,,,,,,,
2020-04-01,149.0,15330886.0,15330886.0,0.0,mercado,,,,,,,,,,
2020-05-01,150.0,15001922.0,15001922.0,0.0,mercado,,,,,,,,,,
2020-06-01,151.0,14877776.0,14877776.0,0.0,mercado,,,,,,,,,,
2020-07-01,152.0,14757071.0,14757071.0,0.0,mercado,,,,,,,,,,
2020-08-01,153.0,14945800.0,14945800.0,0.0,mercado,,,,,,,,,,
2020-09-01,154.0,15070826.0,15070826.0,0.0,mercado,,,,,,,,,,
2020-10-01,155.0,15192641.0,15192641.0,0.0,mercado,,,,,,,,,,
2020-11-01,156.0,15269328.0,15269328.0,0.0,mercado,,,,,,,,,,
2020-12-01,157.0,15485366.0,15485366.0,0.0,mercado,,,,,,,,,,
2021-01-01,158.0,15521059.0,15521059.0,0.0,mercado,,,,,,,,,,
2021-02-01,159.0,15701535.0,15701535.0,0.0,mercado,,,,,,,,,,
2021-03-01,160.0,15840552.0,15840552.0,0.0,mercado,,,,,,,,,,
2021-04-01,161.0,15894608.000000004,15894608.000000004,0.0,mercado,,,,,,,,,,
2021-05-01,162.0,15976259.0,15976259.0,0.0,mercado,,,,,,,,,,
2021-06-01,163.0,16060623.0,16060623.0,0.0,mercado,,,,,,,,,,
2021-07-01,164.0,16205680.0,16205680.0,0.0,mercado,,,,,,,,,,
2021-08-01,165.0,16337940.0,16337940.0,0.0,mercado,,,,,,,,,,
2021-09-01,166.0,16509833.0,16509833.0,0.0,mercado,,,,,,,,,,
2021-10-01,167.0,16630729.0,16630729.0,0.0,mercado,,,,,,,,,,
2021-11-01,168.0,16686151.0,16686151.0,0.0,mercado,,,,,,,,,,
2021-12-01,169.0,16789600.0,16789600.0,0.0,mercado,,,,,,,,,,
2022-01-01,170.0,16848189.0,16848189.0,0.0,mercado,,,,,,,,,,
2022-02-01,171.0,16905837.999999996,16905837.999999996,0.0,mercado,,,,,,,,,,
2022-03-01,172.0,16949693.0,16949693.0,0.0,mercado,,,,,,,,,,
2022-04-01,173.0,17027797.0,17027797.0,0.0,mercado,,,,,,,,,,
2022-05-01,174.0,17084802.0,17084802.0,0.0,mercado,,,,,,,,,,
2022-06-01,175.0,17055939.0,17055939.0,0.0,mercado,,,,,,,,,,
2022-07-01,176.0,17086013.0,17086013.0,0.0,mercado,,,,,,,,,,
2022-08-01,177.0,17155682.0,17155682.0,0.0,mercado,,,,,,,,,,
2022-09-01,178.0,17253634.0,17253634.0,0.0,mercado,,,,,,,,,,
2022-10-01,179.0,17337798.0,17337798.0,0.0,mercado,,,,,,,,,,
2022-11-01,180.0,17391945.0,17391945.0,0.0,mercado,,,,,,,,,,
2022-12-01,181.0,17490751.0,17490751.0,0.0,mercado,,,,,,,,,,
2023-01-01,182.0,17513535.0,17513535.0,0.0,mercado,,,,,,,,,,
2023-02-01,183.0,17552008.999999996,17552008.999999996,0.0,mercado,,,,,,,,,,
2023-03-01,184.0,17652843.0,17652843.0,0.0,mercado,,,,,,,,,,
2023-04-01,185.0,17719033.0,17719033.0,0.0,mercado,,,,,,,,,,
2023-05-01,186.0,17801834.0,17801834.0,0.0,mercado,,,,,,,,,,
2023-06-01,187.0,17872790.999999996,17872790.999999996,0.0,mercado,,,,,,,,,,
2023-07-01,188.0,17953649.0,17953649.0,0.0,mercado,,,,,,,,,,
2023-08-01,189.0,18044595.0,18044595.0,0.0,mercado,,,,,,,,,,
2023-09-01,190.0,18082299.0,18082299.0,0.0,mercado,,,,,,,,,,
2023-10-01,191.0,18099769.0,18099769.0,0.0,mercado,,,,,,,,,,
2023-11-01,192.0,18125488.0,18125488.0,0.0,mercado,,,,,,,,,,
2023-12-01,193.0,18165593.0,18165593.0,0.0,mercado,,,,,,,,,,
2024-01-01,194.0,18129629.0,18129629.0,0.0,mercado,,,,,,,,,,
2024-02-01,195.0,18149115.0,18149115.0,0.0,mercado,,,,,,,,,,
2024-03-01,196.0,18172777.0,18172777.0,0.0,mercado,,,,,,,,,,
2024-04-01,197.0,18235117.0,18235117.0,0.0,mercado,,,,,,,,,,
2024-05-01,198.0,18250044.0,18250044.0,0.0,mercado,,,,,,,,,,
2024-06-01,199.0,18266310.0,18266310.0,0.0,mercado,,,,,,,,,,
2024-07-01,200.0,18273058.0,18273058.0,0.0,mercado,,,,,,,,,,
2024-08-01,201.0,18319764.0,18319764.0,0.0,mercado,,,,,,,,,,
2024-09-01,202.0,18316846.0,18316846.0,0.0,mercado,,,,,,,,,,
2024-10-01,203.0,18431594.0,18431594.0,0.0,mercado,,,,,,,,,,
2024-11-01,204.0,18478856.0,18478856.0,0.0,mercado,,,,,,,,,,
2024-12-01,205.0,18505818.0,18505818.0,0.0,mercado,,,,,,,,,,
2025-01-01,206.0,18534723.0,18534723.0,0.0,mercado,,,,,,,,,,
2025-02-01,207.0,18508533.0,18508533.0,0.0,mercado,,,,,,,,,,
2025-03-01,208.0,18515069.567375682,18515069.567375682,0.0,mercado,,,,,,,,,,
2025-04-01,209.0,18561017.0,18561017.0,0.0,mercado,,,,,,,,,,
2025-05-01,210.0,18634949.0,18634949.0,0.0,mercado,,,,,,,,,,
2025-06-01,211.0,18680011.0,18680011.0,0.0,mercado,,,,,,,,,,
2025-07-01,212.0,18680203.0,18680203.0,0.0,mercado,,,,,,,,,,
2025-08-01,213.0,18379461.0,18379461.0,0.0,mercado,,,,,,,,,,
2025-09-01,214.0,18362280.0,18362280.0,0.0,mercado,,,,,,,,,,
2025-10-01,215.0,18369524.0,18369524.0,0.0,mercado,,,,,,,,,,
2025-11-01,216.0,0.0,,,mercado,,,,,,,,,,
2025-12-01,217.0,0.0,,,mercado,,,,,,,,,,
2026-01-01,218.0,0.0,,,mercado,,,,,,,,,,
2026-02-01,219.0,0.0,,,mercado,,,,,,,,,,
2026-03-01,220.0,0.0,,,mercado,,,,,,,,,,
2026-04-01,221.0,0.0,,,mercado,,,,,,,,,,
2026-05-01,222.0,0.0,,,mercado,,,,,,,,,,
2026-06-01,223.0,0.0,,,mercado,,,,,,,,,,
2026-07-01,224.0,0.0,,,mercado,,,,,,,,,,
2026-08-01,225.0,0.0,,,mercado,,,,,,,,,,
2026-09-01,226.0,0.0,,,mercado,,,,,,,,,,
2026-10-01,227.0,0.0,,,mercado,,,,,,,,,,
2008-12-01,13.0,,,,empresa,CNT EP,323967.0,323967.0,0.0,,,,,,
2008-12-01,13.0,,,,empresa,CONECEL S.A.,8156359.0,8156359.0,0.0,,,,,,
2008-12-01,13.0,,,,empresa,OTECEL S.A.,3211922.0,3211922.0,0.0,,,,,,
2009-01-01,14.0,,,,empresa,CNT EP,330269.0,330269.0,0.0,,,,,,
2009-01-01,14.0,,,,empresa,CONECEL S.A.,8287484.0,8287484.0,0.0,,,,,,
2009-01-01,14.0,,,,empresa,OTECEL S.A.,3173204.0,3173204.0,0.0,,,,,,
2009-02-01,15.0,,,,empresa,CNT EP,334341.0,334341.0,0.0,,,,,,
2009-02-01,15.0,,,,empresa,CONECEL S.A.,8388534.0,8388534.0,0.0,,,,,,
2009-02-01,15.0,,,,empresa,OTECEL S.A.,3176502.0,3176502.0,0.0,,,,,,
2009-03-01,16.0,,,,empresa,CNT EP,334341.0,334341.0,0.0,,,,,,
2009-03-01,16.0,,,,empresa,CONECEL S.A.,8463534.0,8463534.0,0.0,,,,,,
2009-03-01,16.0,,,,empresa,OTECEL S.A.,3257699.0,3257699.0,0.0,,,,,,
2009-04-01,17.0,,,,empresa,CNT EP,331256.0,331256.0,0.0,,,,,,
2009-04-01,17.0,,,,empresa,CONECEL S.A.,8541054.0,8541054.0,0.0,,,,,,
2009-04-01,17.0,,,,empresa,OTECEL S.A.,3262702.0,3262702.0,0.0,,,,,,
2009-05-01,18.0,,,,empresa,CNT EP,335725.0,335725.0,0.0,,,,,,
2009-05-01,18.0,,,,empresa,CONECEL S.A.,8631581.0,8631581.0,0.0,,,,,,
2009-05-01,18.0,,,,empresa,OTECEL S.A.,3307629.0,3307629.0,0.0,,,,,,
2009-06-01,19.0,,,,empresa,CNT EP,347752.0,347752.0,0.0,,,,,,
2009-06-01,19.0,,,,empresa,CONECEL S.A.,8692970.0,8692970.0,0.0,,,,,,
2009-06-01,19.0,,,,empresa,OTECEL S.A.,3329956.0,3329956.0,0.0,,,,,,
2009-07-01,20.0,,,,empresa,CNT EP,353557.0,353557.0,0.0,,,,,,
2009-07-01,20.0,,,,empresa,CONECEL S.A.,8757321.0,8757321.0,0.0,,,,,,
2009-07-01,20.0,,,,empresa,OTECEL S.A.,3385733.0,3385733.0,0.0,,,,,,
2009-08-01,21.0,,,,empresa,CNT EP,356327.0,356327.0,0.0,,,,,,
2009-08-01,21.0,,,,empresa,CONECEL S.A.,8815709.0,8815709.0,0.0,,,,,,
2009-08-01,21.0,,,,empresa,OTECEL S.A.,3466213.0,3466213.0,0.0,,,,,,
2009-09-01,22.0,,,,empresa,CNT EP,356327.0,356327.0,0.0,,,,,,
2009-09-01,22.0,,,,empresa,CONECEL S.A.,8889565.0,8889565.0,0.0,,,,,,
2009-09-01,22.0,,,,empresa,OTECEL S.A.,3532685.0,3532685.0,0.0,,,,,,
2009-10-01,23.0,,,,empresa,CNT EP,356327.0,356327.0,0.0,,,,,,
2009-10-01,23.0,,,,empresa,CONECEL S.A.,8979559.0,8979559.0,0.0,,,,,,
2009-10-01,23.0,,,,empresa,OTECEL S.A.,3594896.0,3594896.0,0.0,,,,,,
2009-11-01,24.0,,,,empresa,CNT EP,356900.0,356900.0,0.0,,,,,,
2009-11-01,24.0,,,,empresa,CONECEL S.A.,9085049.0,9085049.0,0.0,,,,,,
2009-11-01,24.0,,,,empresa,OTECEL S.A.,3645994.0,3645994.0,0.0,,,,,,
2009-12-01,25.0,,,,empresa,CNT EP,356900.0,356900.0,0.0,,,,,,
2009-12-01,25.0,,,,empresa,CONECEL S.A.,9291268.0,9291268.0,0.0,,,,,,
2009-12-01,25.0,,,,empresa,OTECEL S.A.,3806432.0,3806432.0,0.0,,,,,,
2010-01-01,26.0,,,,empresa,CNT EP,356900.0,356900.0,0.0,,,,,,
2010-01-01,26.0,,,,empresa,CONECEL S.A.,9413020.0,9413020.0,0.0,,,,,,
2010-01-01,26.0,,,,empresa,OTECEL S.A.,3868567.0,3868567.0,0.0,,,,,,
2010-02-01,27.0,,,,empresa,CNT EP,353181.0,353181.0,0.0,,,,,,
2010-02-01,27.0,,,,empresa,CONECEL S.A.,9514599.0,9514599.0,0.0,,,,,,
2010-02-01,27.0,,,,empresa,OTECEL S.A.,3904390.0,3904390.0,0.0,,,,,,
2010-03-01,28.0,,,,empresa,CNT EP,357344.0,357344.0,0.0,,,,,,
2010-03-01,28.0,,,,empresa,CONECEL S.A.,9628485.0,9628485.0,0.0,,,,,,
2010-03-01,28.0,,,,empresa,OTECEL S.A.,3935607.0,3935607.0,0.0,,,,,,
2010-04-01,29.0,,,,empresa,CNT EP,355675.0,355675.0,0.0,,,,,,
2010-04-01,29.0,,,,empresa,CONECEL S.A.,9719643.0,9719643.0,0.0,,,,,,
2010-04-01,29.0,,,,empresa,OTECEL S.A.,3984045.0,3984045.0,0.0,,,,,,
2010-05-01,30.0,,,,empresa,CNT EP,327319.0,327319.0,0.0,,,,,,
2010-05-01,30.0,,,,empresa,CONECEL S.A.,9814475.0,9814475.0,0.0,,,,,,
2010-05-01,30.0,,,,empresa,OTECEL S.A.,4039162.0,4039162.0,0.0,,,,,,
2010-06-01,31.0,,,,empresa,CNT EP,339718.0,339718.0,0.0,,,,,,
2010-06-01,31.0,,,,empresa,CONECEL S.A.,9905599.0,9905599.0,0.0,,,,,,
2010-06-01,31.0,,,,empresa,OTECEL S.A.,4069975.0,4069975.0,0.0,,,,,,
2010-07-01,32.0,,,,empresa,CNT EP,317884.0,317884.0,0.0,,,,,,
2010-07-01,32.0,,,,empresa,CONECEL S.A.,10006645.0,10006645.0,0.0,,,,,,
2010-07-01,32.0,,,,empresa,OTECEL S.A.,4083531.0,4083531.0,0.0,,,,,,
2010-08-01,33.0,,,,empresa,CNT EP,320415.0,320415.0,0.0,,,,,,
2010-08-01,33.0,,,,empresa,CONECEL S.A.,10100770.0,10100770.0,0.0,,,,,,
2010-08-01,33.0,,,,empresa,OTECEL S.A.,4108651.0,4108651.0,0.0,,,,,,
2010-09-01,34.0,,,,empresa,CNT EP,318952.0,318952.0,0.0,,,,,,
2010-09-01,34.0,,,,empresa,CONECEL S.A.,10172071.0,10172071.0,0.0,,,,,,
2010-09-01,34.0,,,,empresa,OTECEL S.A.,4154773.0,4154773.0,0.0,,,,,,
2010-10-01,35.0,,,,empresa,CNT EP,316188.0,316188.0,0.0,,,,,,
2010-10-01,35.0,,,,empresa,CONECEL S.A.,10258688.0,10258688.0,0.0,,,,,,
2010-10-01,35.0,,,,empresa,OTECEL S.A.,4194580.0,4194580.0,0.0,,,,,,
2010-11-01,36.0,,,,empresa,CNT EP,320319.0,320319.0,0.0,,,,,,
2010-11-01,36.0,,,,empresa,CONECEL S.A.,10349269.0,10349269.0,0.0,,,,,,
2010-11-01,36.0,,,,empresa,OTECEL S.A.,4221593.0,4221593.0,0.0,,,,,,
2010-12-01,37.0,,,,empresa,CNT EP,333730.0,333730.0,0.0,,,,,,
2010-12-01,37.0,,,,empresa,CONECEL S.A.,10470502.0,10470502.0,0.0,,,,,,
2010-12-01,37.0,,,,empresa,OTECEL S.A.,4314599.0,4314599.0,0.0,,,,,,
2011-01-01,38.0,,,,empresa,CNT EP,340203.0,340203.0,0.0,,,,,,
2011-01-01,38.0,,,,empresa,CONECEL S.A.,10542836.0,10542836.0,0.0,,,,,,
2011-01-01,38.0,,,,empresa,OTECEL S.A.,4395998.0,4395998.0,0.0,,,,,,
2011-02-01,39.0,,,,empresa,CNT EP,341177.0,341177.0,0.0,,,,,,
2011-02-01,39.0,,,,empresa,CONECEL S.A.,10615546.0,10615546.0,0.0,,,,,,
2011-02-01,39.0,,,,empresa,OTECEL S.A.,4457956.0,4457956.0,0.0,,,,,,
2011-03-01,40.0,,,,empresa,CNT EP,331798.0,331798.0,0.0,,,,,,
2011-03-01,40.0,,,,empresa,CONECEL S.A.,10706611.0,10706611.0,0.0,,,,,,
2011-03-01,40.0,,,,empresa,OTECEL S.A.,4468931.0,4468931.0,0.0,,,,,,
2011-04-01,41.0,,,,empresa,CNT EP,328641.0,328641.0,0.0,,,,,,
2011-04-01,41.0,,,,empresa,CONECEL S.A.,10787725.0,10787725.0,0.0,,,,,,
2011-04-01,41.0,,,,empresa,OTECEL S.A.,4436954.0,4436954.0,0.0,,,,,,
2011-05-01,42.0,,,,empresa,CNT EP,335329.0,335329.0,0.0,,,,,,
2011-05-01,42.0,,,,empresa,CONECEL S.A.,10859278.0,10859278.0,0.0,,,,,,
2011-05-01,42.0,,,,empresa,OTECEL S.A.,4476084.0,4476084.0,0.0,,,,,,
2011-06-01,43.0,,,,empresa,CNT EP,329724.0,329724.0,0.0,,,,,,
2011-06-01,43.0,,,,empresa,CONECEL S.A.,10905038.0,10905038.0,0.0,,,,,,
2011-06-01,43.0,,,,empresa,OTECEL S.A.,4513966.0,4513966.0,0.0,,,,,,
2011-07-01,44.0,,,,empresa,CNT EP,332504.0,332504.0,0.0,,,,,,
2011-07-01,44.0,,,,empresa,CONECEL S.A.,10956931.0,10956931.0,0.0,,,,,,
2011-07-01,44.0,,,,empresa,OTECEL S.A.,4496949.0,4496949.0,0.0,,,,,,
2011-08-01,45.0,,,,empresa,CNT EP,318474.0,318474.0,0.0,,,,,,
2011-08-01,45.0,,,,empresa,CONECEL S.A.,11006651.0,11006651.0,0.0,,,,,,
2011-08-01,45.0,,,,empresa,OTECEL S.A.,4521758.0,4521758.0,0.0,,,,,,
2011-09-01,46.0,,,,empresa,CNT EP,309419.0,309419.0,0.0,,,,,,
2011-09-01,46.0,,,,empresa,CONECEL S.A.,11057121.0,11057121.0,0.0,,,,,,
2011-09-01,46.0,,,,empresa,OTECEL S.A.,4501472.0,4501472.0,0.0,,,,,,
2011-10-01,47.0,,,,empresa,CNT EP,311342.0,311342.0,0.0,,,,,,
2011-10-01,47.0,,,,empresa,CONECEL S.A.,11100717.0,11100717.0,0.0,,,,,,
2011-10-01,47.0,,,,empresa,OTECEL S.A.,4485371.0,4485371.0,0.0,,,,,,
2011-11-01,48.0,,,,empresa,CNT EP,285038.0,285038.0,0.0,,,,,,
2011-11-01,48.0,,,,empresa,CONECEL S.A.,11128914.0,11128914.0,0.0,,,,,,
2011-11-01,48.0,,,,empresa,OTECEL S.A.,4472281.0,4472281.0,0.0,,,,,,
2011-12-01,49.0,,,,empresa,CNT EP,303368.0,303368.0,0.0,,,,,,
2011-12-01,49.0,,,,empresa,CONECEL S.A.,11057316.0,11057316.0,0.0,,,,,,
2011-12-01,49.0,,,,empresa,OTECEL S.A.,4513874.0,4513874.0,0.0,,,,,,
2012-01-01,50.0,,,,empresa,CNT EP,321688.0,321688.0,0.0,,,,,,
2012-01-01,50.0,,,,empresa,CONECEL S.A.,11085968.0,11085968.0,0.0,,,,,,
2012-01-01,50.0,,,,empresa,OTECEL S.A.,4558396.0,4558396.0,0.0,,,,,,
2012-02-01,51.0,,,,empresa,CNT EP,338463.0,338463.0,0.0,,,,,,
2012-02-01,51.0,,,,empresa,CONECEL S.A.,11116364.0,11116364.0,0.0,,,,,,
2012-02-01,51.0,,,,empresa,OTECEL S.A.,4616860.0,4616860.0,0.0,,,,,,
2012-03-01,52.0,,,,empresa,CNT EP,329378.0,329378.0,0.0,,,,,,
2012-03-01,52.0,,,,empresa,CONECEL S.A.,11148559.0,11148559.0,0.0,,,,,,
2012-03-01,52.0,,,,empresa,OTECEL S.A.,4668221.0,4668221.0,0.0,,,,,,
2012-04-01,53.0,,,,empresa,CNT EP,356836.0,356836.0,0.0,,,,,,
2012-04-01,53.0,,,,empresa,CONECEL S.A.,11190152.0,11190152.0,0.0,,,,,,
2012-04-01,53.0,,,,empresa,OTECEL S.A.,4685518.0,4685518.0,0.0,,,,,,
2012-05-01,54.0,,,,empresa,CNT EP,359133.0,359133.0,0.0,,,,,,
2012-05-01,54.0,,,,empresa,CONECEL S.A.,11245278.0,11245278.0,0.0,,,,,,
2012-05-01,54.0,,,,empresa,OTECEL S.A.,4738277.0,4738277.0,0.0,,,,,,
2012-06-01,55.0,,,,empresa,CNT EP,349669.0,349669.0,0.0,,,,,,
2012-06-01,55.0,,,,empresa,CONECEL S.A.,11293134.0,11293134.0,0.0,,,,,,
2012-06-01,55.0,,,,empresa,OTECEL S.A.,4750412.0,4750412.0,0.0,,,,,,
2012-07-01,56.0,,,,empresa,CNT EP,348002.0,348002.0,0.0,,,,,,
2012-07-01,56.0,,,,empresa,CONECEL S.A.,11353323.0,11353323.0,0.0,,,,,,
2012-07-01,56.0,,,,empresa,OTECEL S.A.,4731263.0,4731263.0,0.0,,,,,,
2012-08-01,57.0,,,,empresa,CNT EP,338988.0,338988.0,0.0,,,,,,
2012-08-01,57.0,,,,empresa,CONECEL S.A.,11407676.0,11407676.0,0.0,,,,,,
2012-08-01,57.0,,,,empresa,OTECEL S.A.,4737880.0,4737880.0,0.0,,,,,,
2012-09-01,58.0,,,,empresa,CNT EP,334861.0,334861.0,0.0,,,,,,
2012-09-01,58.0,,,,empresa,CONECEL S.A.,11462312.0,11462312.0,0.0,,,,,,
2012-09-01,58.0,,,,empresa,OTECEL S.A.,4755565.0,4755565.0,0.0,,,,,,
2012-10-01,59.0,,,,empresa,CNT EP,333169.0,333169.0,0.0,,,,,,
2012-10-01,59.0,,,,empresa,CONECEL S.A.,11532903.0,11532903.0,0.0,,,,,,
2012-10-01,59.0,,,,empresa,OTECEL S.A.,4910577.0,4910577.0,0.0,,,,,,
2012-11-01,60.0,,,,empresa,CNT EP,327073.0,327073.0,0.0,,,,,,
2012-11-01,60.0,,,,empresa,CONECEL S.A.,11636478.0,11636478.0,0.0,,,,,,
2012-11-01,60.0,,,,empresa,OTECEL S.A.,4958450.0,4958450.0,0.0,,,,,,
2012-12-01,61.0,,,,empresa,CNT EP,309271.0,309271.0,0.0,,,,,,
2012-12-01,61.0,,,,empresa,CONECEL S.A.,11757906.0,11757906.0,0.0,,,,,,
2012-12-01,61.0,,,,empresa,OTECEL S.A.,5019686.0,5019686.0,0.0,,,,,,
2013-01-01,62.0,,,,empresa,CNT EP,349051.0,349051.0,0.0,,,,,,
2013-01-01,62.0,,,,empresa,CONECEL S.A.,11855128.0,11855128.0,0.0,,,,,,
2013-01-01,62.0,,,,empresa,OTECEL S.A.,5033644.0,5033644.0,0.0,,,,,,
2013-02-01,63.0,,,,empresa,CNT EP,349413.0,349413.0,0.0,,,,,,
2013-02-01,63.0,,,,empresa,CONECEL S.A.,11956563.0,11956563.0,0.0,,,,,,
2013-02-01,63.0,,,,empresa,OTECEL S.A.,5051199.0,5051199.0,0.0,,,,,,
2013-03-01,64.0,,,,empresa,CNT EP,362560.0,362560.0,0.0,,,,,,
2013-03-01,64.0,,,,empresa,CONECEL S.A.,12006715.0,12006715.0,0.0,,,,,,
2013-03-01,64.0,,,,empresa,OTECEL S.A.,5033297.0,5033297.0,0.0,,,,,,
2013-04-01,65.0,,,,empresa,CNT EP,362560.0,362560.0,0.0,,,,,,
2013-04-01,65.0,,,,empresa,CONECEL S.A.,12084788.0,12084788.0,0.0,,,,,,
2013-04-01,65.0,,,,empresa,OTECEL S.A.,5043646.0,5043646.0,0.0,,,,,,
2013-05-01,66.0,,,,empresa,CNT EP,362560.0,362560.0,0.0,,,,,,
2013-05-01,66.0,,,,empresa,CONECEL S.A.,11647402.0,11647402.0,0.0,,,,,,
2013-05-01,66.0,,,,empresa,OTECEL S.A.,5059197.0,5059197.0,0.0,,,,,,
2013-06-01,67.0,,,,empresa,CNT EP,362560.0,362560.0,0.0,,,,,,
2013-06-01,67.0,,,,empresa,CONECEL S.A.,11700024.0,11700024.0,0.0,,,,,,
2013-06-01,67.0,,,,empresa,OTECEL S.A.,5078250.0,5078250.0,0.0,,,,,,
2013-07-01,68.0,,,,empresa,CNT EP,362560.0,362560.0,0.0,,,,,,
2013-07-01,68.0,,,,empresa,CONECEL S.A.,11760446.0,11760446.0,0.0,,,,,,
2013-07-01,68.0,,,,empresa,OTECEL S.A.,5092038.0,5092038.0,0.0,,,,,,
2013-08-01,69.0,,,,empresa,CNT EP,362560.0,362560.0,0.0,,,,,,
2013-08-01,69.0,,,,empresa,CONECEL S.A.,11822671.0,11822671.0,0.0,,,,,,
2013-08-01,69.0,,,,empresa,OTECEL S.A.,5098263.0,5098263.0,0.0,,,,,,
2013-09-01,70.0,,,,empresa,CNT EP,362560.0,362560.0,0.0,,,,,,
2013-09-01,70.0,,,,empresa,CONECEL S.A.,11886803.0,11886803.0,0.0,,,,,,
2013-09-01,70.0,,,,empresa,OTECEL S.A.,5096066.0,5096066.0,0.0,,,,,,
2013-10-01,71.0,,,,empresa,CNT EP,362560.0,362560.0,0.0,,,,,,
2013-10-01,71.0,,,,empresa,CONECEL S.A.,11968444.0,11968444.0,0.0,,,,,,
2013-10-01,71.0,,,,empresa,OTECEL S.A.,5098702.0,5098702.0,0.0,,,,,,
2013-11-01,72.0,,,,empresa,CNT EP,362560.0,362560.0,0.0,,,,,,
2013-11-01,72.0,,,,empresa,CONECEL S.A.,12008987.0,12008987.0,0.0,,,,,,
2013-11-01,72.0,,,,empresa,OTECEL S.A.,5090492.0,5090492.0,0.0,,,,,,
2013-12-01,73.0,,,,empresa,CNT EP,362560.0,362560.0,0.0,,,,,,
2013-12-01,73.0,,,,empresa,CONECEL S.A.,12030886.0,12030886.0,0.0,,,,,,
2013-12-01,73.0,,,,empresa,OTECEL S.A.,5148308.0,5148308.0,0.0,,,,,,
2014-01-01,74.0,,,,empresa,CNT EP,558207.0,558207.0,0.0,,,,,,
2014-01-01,74.0,,,,empresa,CONECEL S.A.,12063960.0,12063960.0,0.0,,,,,,
2014-01-01,74.0,,,,empresa,OTECEL S.A.,5246719.0,5246719.0,0.0,,,,,,
2014-02-01,75.0,,,,empresa,CNT EP,566161.0,566161.0,0.0,,,,,,
2014-02-01,75.0,,,,empresa,CONECEL S.A.,12108040.0,12108040.0,0.0,,,,,,
2014-02-01,75.0,,,,empresa,OTECEL S.A.,5243581.0,5243581.0,0.0,,,,,,
2014-03-01,76.0,,,,empresa,CNT EP,590475.0,590475.0,0.0,,,,,,
2014-03-01,76.0,,,,empresa,CONECEL S.A.,12145293.0,12145293.0,0.0,,,,,,
2014-03-01,76.0,,,,empresa,OTECEL S.A.,5224894.0,5224894.0,0.0,,,,,,
2014-04-01,77.0,,,,empresa,CNT EP,594493.0,594493.0,0.0,,,,,,
2014-04-01,77.0,,,,empresa,CONECEL S.A.,12181007.0,12181007.0,0.0,,,,,,
2014-04-01,77.0,,,,empresa,OTECEL S.A.,5212879.0,5212879.0,0.0,,,,,,
2014-05-01,78.0,,,,empresa,CNT EP,605904.0,605904.0,0.0,,,,,,
2014-05-01,78.0,,,,empresa,CONECEL S.A.,12205423.0,12205423.0,0.0,,,,,,
2014-05-01,78.0,,,,empresa,OTECEL S.A.,5188521.0,5188521.0,0.0,,,,,,
2014-06-01,79.0,,,,empresa,CNT EP,626350.0,626350.0,0.0,,,,,,
2014-06-01,79.0,,,,empresa,CONECEL S.A.,12225752.0,12225752.0,0.0,,,,,,
2014-06-01,79.0,,,,empresa,OTECEL S.A.,5204947.0,5204947.0,0.0,,,,,,
2014-07-01,80.0,,,,empresa,CNT EP,635920.0,635920.0,0.0,,,,,,
2014-07-01,80.0,,,,empresa,CONECEL S.A.,12246004.0,12246004.0,0.0,,,,,,
2014-07-01,80.0,,,,empresa,OTECEL S.A.,5156532.0,5156532.0,0.0,,,,,,
2014-08-01,81.0,,,,empresa,CNT EP,650682.0,650682.0,0.0,,,,,,
2014-08-01,81.0,,,,empresa,CONECEL S.A.,12266556.0,12266556.0,0.0,,,,,,
2014-08-01,81.0,,,,empresa,OTECEL S.A.,5148748.0,5148748.0,0.0,,,,,,
2014-09-01,82.0,,,,empresa,CNT EP,693821.0,693821.0,0.0,,,,,,
2014-09-01,82.0,,,,empresa,CONECEL S.A.,12280228.0,12280228.0,0.0,,,,,,
2014-09-01,82.0,,,,empresa,OTECEL S.A.,5047263.0,5047263.0,0.0,,,,,,
2014-10-01,83.0,,,,empresa,CNT EP,717630.0,717630.0,0.0,,,,,,
2014-10-01,83.0,,,,empresa,CONECEL S.A.,12281434.0,12281434.0,0.0,,,,,,
2014-10-01,83.0,,,,empresa,OTECEL S.A.,5025967.0,5025967.0,0.0,,,,,,
2014-11-01,84.0,,,,empresa,CNT EP,766910.0,766910.0,0.0,,,,,,
2014-11-01,84.0,,,,empresa,CONECEL S.A.,12270384.0,12270384.0,0.0,,,,,,
2014-11-01,84.0,,,,empresa,OTECEL S.A.,4995937.0,4995937.0,0.0,,,,,,
2014-12-01,85.0,,,,empresa,CNT EP,776892.0,776892.0,0.0,,,,,,
2014-12-01,85.0,,,,empresa,CONECEL S.A.,11772020.0,11772020.0,0.0,,,,,,
2014-12-01,85.0,,,,empresa,OTECEL S.A.,5055645.0,5055645.0,0.0,,,,,,
2015-01-01,86.0,,,,empresa,CNT EP,888777.0,888777.0,0.0,,,,,,
2015-01-01,86.0,,,,empresa,CONECEL S.A.,11330471.0,11330471.0,0.0,,,,,,
2015-01-01,86.0,,,,empresa,OTECEL S.A.,5041544.0,5041544.0,0.0,,,,,,
2015-02-01,87.0,,,,empresa,CNT EP,945867.0,945867.0,0.0,,,,,,
2015-02-01,87.0,,,,empresa,CONECEL S.A.,10870014.0,10870014.0,0.0,,,,,,
2015-02-01,87.0,,,,empresa,OTECEL S.A.,5038636.0,5038636.0,0.0,,,,,,
2015-03-01,88.0,,,,empresa,CNT EP,1032323.0,1032323.0,0.0,,,,,,
2015-03-01,88.0,,,,empresa,CONECEL S.A.,10504831.0,10504831.0,0.0,,,,,,
2015-03-01,88.0,,,,empresa,OTECEL S.A.,4723385.0,4723385.0,0.0,,,,,,
2015-04-01,89.0,,,,empresa,CNT EP,1072376.0,1072376.0,0.0,,,,,,
2015-04-01,89.0,,,,empresa,CONECEL S.A.,10293002.0,10293002.0,0.0,,,,,,
2015-04-01,89.0,,,,empresa,OTECEL S.A.,4688985.0,4688985.0,0.0,,,,,,
2015-05-01,90.0,,,,empresa,CNT EP,1116461.0,1116461.0,0.0,,,,,,
2015-05-01,90.0,,,,empresa,CONECEL S.A.,10107477.0,10107477.0,0.0,,,,,,
2015-05-01,90.0,,,,empresa,OTECEL S.A.,4569272.0,4569272.0,0.0,,,,,,
2015-06-01,91.0,,,,empresa,CNT EP,1183839.0,1183839.0,0.0,,,,,,
2015-06-01,91.0,,,,empresa,CONECEL S.A.,9922718.0,9922718.0,0.0,,,,,,
2015-06-01,91.0,,,,empresa,OTECEL S.A.,4560326.0,4560326.0,0.0,,,,,,
2015-07-01,92.0,,,,empresa,CNT EP,942469.0,942469.0,0.0,,,,,,
2015-07-01,92.0,,,,empresa,CONECEL S.A.,9619625.0,9619625.0,0.0,,,,,,
2015-07-01,92.0,,,,empresa,OTECEL S.A.,4555302.0,4555302.0,0.0,,,,,,
2015-08-01,93.0,,,,empresa,CNT EP,959628.0,959628.0,0.0,,,,,,
2015-08-01,93.0,,,,empresa,CONECEL S.A.,9448094.0,9448094.0,0.0,,,,,,
2015-08-01,93.0,,,,empresa,OTECEL S.A.,4551976.0,4551976.0,0.0,,,,,,
2015-09-01,94.0,,,,empresa,CNT EP,1019403.0,1019403.0,0.0,,,,,,
2015-09-01,94.0,,,,empresa,CONECEL S.A.,9272704.0,9272704.0,0.0,,,,,,
2015-09-01,94.0,,,,empresa,OTECEL S.A.,4463361.0,4463361.0,0.0,,,,,,
2015-10-01,95.0,,,,empresa,CNT EP,1050069.0,1050069.0,0.0,,,,,,
2015-10-01,95.0,,,,empresa,CONECEL S.A.,9084496.0,9084496.0,0.0,,,,,,
2015-10-01,95.0,,,,empresa,OTECEL S.A.,4232428.0,4232428.0,0.0,,,,,,
2015-11-01,96.0,,,,empresa,CNT EP,1031219.0,1031219.0,0.0,,,,,,
2015-11-01,96.0,,,,empresa,CONECEL S.A.,8787911.0,8787911.0,0.0,,,,,,
2015-11-01,96.0,,,,empresa,OTECEL S.A.,4303330.0,4303330.0,0.0,,,,,,
2015-12-01,97.0,,,,empresa,CNT EP,1065703.0,1065703.0,0.0,,,,,,
2015-12-01,97.0,,,,empresa,CONECEL S.A.,8658619.0,8658619.0,0.0,,,,,,
2015-12-01,97.0,,,,empresa,OTECEL S.A.,4134698.0,4134698.0,0.0,,,,,,
2016-01-01,98.0,,,,empresa,CNT EP,1095492.0,1095492.0,0.0,,,,,,
2016-01-01,98.0,,,,empresa,CONECEL S.A.,8537945.0,8537945.0,0.0,,,,,,
2016-01-01,98.0,,,,empresa,OTECEL S.A.,4200524.0,4200524.0,0.0,,,,,,
2016-02-01,99.0,,,,empresa,CNT EP,1134222.0,1134222.0,0.0,,,,,,
2016-02-01,99.0,,,,empresa,CONECEL S.A.,8600300.0,8600300.0,0.0,,,,,,
2016-02-01,99.0,,,,empresa,OTECEL S.A.,4188097.0,4188097.0,0.0,,,,,,
2016-03-01,100.0,,,,empresa,CNT EP,1174947.0,1174947.0,0.0,,,,,,
2016-03-01,100.0,,,,empresa,CONECEL S.A.,8664956.0,8664956.0,0.0,,,,,,
2016-03-01,100.0,,,,empresa,OTECEL S.A.,4182766.0,4182766.0,0.0,,,,,,
2016-04-01,101.0,,,,empresa,CNT EP,1215638.0,1215638.0,0.0,,,,,,
2016-04-01,101.0,,,,empresa,CONECEL S.A.,8763907.0,8763907.0,0.0,,,,,,
2016-04-01,101.0,,,,empresa,OTECEL S.A.,4211949.0,4211949.0,0.0,,,,,,
2016-05-01,102.0,,,,empresa,CNT EP,1245153.0,1245153.0,0.0,,,,,,
2016-05-01,102.0,,,,empresa,CONECEL S.A.,8830093.0,8830093.0,0.0,,,,,,
2016-05-01,102.0,,,,empresa,OTECEL S.A.,4151791.0,4151791.0,0.0,,,,,,
2016-06-01,103.0,,,,empresa,CNT EP,1282926.0,1282926.0,0.0,,,,,,
2016-06-01,103.0,,,,empresa,CONECEL S.A.,8864433.0,8864433.0,0.0,,,,,,
2016-06-01,103.0,,,,empresa,OTECEL S.A.,4392705.0,4392705.0,0.0,,,,,,
2016-07-01,104.0,,,,empresa,CNT EP,1328207.0,1328207.0,0.0,,,,,,
2016-07-01,104.0,,,,empresa,CONECEL S.A.,8893473.0,8893473.0,0.0,,,,,,
2016-07-01,104.0,,,,empresa,OTECEL S.A.,4499825.0,4499825.0,0.0,,,,,,
2016-08-01,105.0,,,,empresa,CNT EP,1372087.0,1372087.0,0.0,,,,,,
2016-08-01,105.0,,,,empresa,CONECEL S.A.,8902397.0,8902397.0,0.0,,,,,,
2016-08-01,105.0,,,,empresa,OTECEL S.A.,4633731.0,4633731.0,0.0,,,,,,
2016-09-01,106.0,,,,empresa,CNT EP,1380723.0,1380723.0,0.0,,,,,,
2016-09-01,106.0,,,,empresa,CONECEL S.A.,8915431.0,8915431.0,0.0,,,,,,
2016-09-01,106.0,,,,empresa,OTECEL S.A.,4548495.0,4548495.0,0.0,,,,,,
2016-10-01,107.0,,,,empresa,CNT EP,1381589.0,1381589.0,0.0,,,,,,
2016-10-01,107.0,,,,empresa,CONECEL S.A.,8929127.0,8929127.0,0.0,,,,,,
2016-10-01,107.0,,,,empresa,OTECEL S.A.,4563659.0,4563659.0,0.0,,,,,,
2016-11-01,108.0,,,,empresa,CNT EP,1465436.0,1465436.0,0.0,,,,,,
2016-11-01,108.0,,,,empresa,CONECEL S.A.,8777976.0,8777976.0,0.0,,,,,,
2016-11-01,108.0,,,,empresa,OTECEL S.A.,4499011.0,4499011.0,0.0,,,,,,
2016-12-01,109.0,,,,empresa,CNT EP,1541219.0,1541219.0,0.0,,,,,,
2016-12-01,109.0,,,,empresa,CONECEL S.A.,8726823.0,8726823.0,0.0,,,,,,
2016-12-01,109.0,,,,empresa,OTECEL S.A.,4580092.0,4580092.0,0.0,,,,,,
2017-01-01,110.0,,,,empresa,CNT EP,1606657.0,1606657.0,0.0,,,,,,
2017-01-01,110.0,,,,empresa,CONECEL S.A.,8740818.931236574,8740818.931236574,0.0,,,,,,
2017-01-01,110.0,,,,empresa,OTECEL S.A.,4525750.0,4525750.0,0.0,,,,,,
2017-02-01,111.0,,,,empresa,CNT EP,1633862.0,1633862.0,0.0,,,,,,
2017-02-01,111.0,,,,empresa,CONECEL S.A.,8756687.0,8756687.0,0.0,,,,,,
2017-02-01,111.0,,,,empresa,OTECEL S.A.,4578932.0,4578932.0,0.0,,,,,,
2017-03-01,112.0,,,,empresa,CNT EP,1655131.0,1655131.0,0.0,,,,,,
2017-03-01,112.0,,,,empresa,CONECEL S.A.,8770831.0,8770831.0,0.0,,,,,,
2017-03-01,112.0,,,,empresa,OTECEL S.A.,4545105.0,4545105.0,0.0,,,,,,
2017-04-01,113.0,,,,empresa,CNT EP,1721409.0,1721409.0,0.0,,,,,,
2017-04-01,113.0,,,,empresa,CONECEL S.A.,8779728.0,8779728.0,0.0,,,,,,
2017-04-01,113.0,,,,empresa,OTECEL S.A.,4603330.0,4603330.0,0.0,,,,,,
2017-05-01,114.0,,,,empresa,CNT EP,1723483.0,1723483.0,0.0,,,,,,
2017-05-01,114.0,,,,empresa,CONECEL S.A.,8801222.0,8801222.0,0.0,,,,,,
2017-05-01,114.0,,,,empresa,OTECEL S.A.,4537153.0,4537153.0,0.0,,,,,,
2017-06-01,115.0,,,,empresa,CNT EP,1676146.0,1676146.0,0.0,,,,,,
2017-06-01,115.0,,,,empresa,CONECEL S.A.,8821576.0,8821576.0,0.0,,,,,,
2017-06-01,115.0,,,,empresa,OTECEL S.A.,4479049.0,4479049.0,0.0,,,,,,
2017-07-01,116.0,,,,empresa,CNT EP,1829157.0,1829157.0,0.0,,,,,,
2017-07-01,116.0,,,,empresa,CONECEL S.A.,8751597.0,8751597.0,0.0,,,,,,
2017-07-01,116.0,,,,empresa,OTECEL S.A.,4474456.0,4474456.0,0.0,,,,,,
2017-08-01,117.0,,,,empresa,CNT EP,1882162.0,1882162.0,0.0,,,,,,
2017-08-01,117.0,,,,empresa,CONECEL S.A.,8682033.0,8682033.0,0.0,,,,,,
2017-08-01,117.0,,,,empresa,OTECEL S.A.,4485802.0,4485802.0,0.0,,,,,,
2017-09-01,118.0,,,,empresa,CNT EP,1924352.0,1924352.0,0.0,,,,,,
2017-09-01,118.0,,,,empresa,CONECEL S.A.,8611553.0,8611553.0,0.0,,,,,,
2017-09-01,118.0,,,,empresa,OTECEL S.A.,4501316.0,4501316.0,0.0,,,,,,
2017-10-01,119.0,,,,empresa,CNT EP,1985926.0,1985926.0,0.0,,,,,,
2017-10-01,119.0,,,,empresa,CONECEL S.A.,8521547.0,8521547.0,0.0,,,,,,
2017-10-01,119.0,,,,empresa,OTECEL S.A.,4439926.0,4439926.0,0.0,,,,,,
2017-11-01,120.0,,,,empresa,CNT EP,2027409.0,2027409.0,0.0,,,,,,
2017-11-01,120.0,,,,empresa,CONECEL S.A.,8421066.0,8421066.0,0.0,,,,,,
2017-11-01,120.0,,,,empresa,OTECEL S.A.,4467518.0,4467518.0,0.0,,,,,,
2017-12-01,121.0,,,,empresa,CNT EP,2142117.0,2142117.0,0.0,,,,,,
2017-12-01,121.0,,,,empresa,CONECEL S.A.,7960263.0,7960263.0,0.0,,,,,,
2017-12-01,121.0,,,,empresa,OTECEL S.A.,4549024.0,4549024.0,0.0,,,,,,
2018-01-01,122.0,,,,empresa,CNT EP,2236840.0,2236840.0,0.0,,,,,,
2018-01-01,122.0,,,,empresa,CONECEL S.A.,7976030.0,7976030.0,0.0,,,,,,
2018-01-01,122.0,,,,empresa,OTECEL S.A.,4513686.0,4513686.0,0.0,,,,,,
2018-02-01,123.0,,,,empresa,CNT EP,2297296.0,2297296.0,0.0,,,,,,
2018-02-01,123.0,,,,empresa,CONECEL S.A.,7989122.0,7989122.0,0.0,,,,,,
2018-02-01,123.0,,,,empresa,OTECEL S.A.,4515681.0,4515681.0,0.0,,,,,,
2018-03-01,124.0,,,,empresa,CNT EP,2378275.0,2378275.0,0.0,,,,,,
2018-03-01,124.0,,,,empresa,CONECEL S.A.,8000375.0,8000375.0,0.0,,,,,,
2018-03-01,124.0,,,,empresa,OTECEL S.A.,4515054.0,4515054.0,0.0,,,,,,
2018-04-01,125.0,,,,empresa,CNT EP,2443847.0,2443847.0,0.0,,,,,,
2018-04-01,125.0,,,,empresa,CONECEL S.A.,8016705.0,8016705.0,0.0,,,,,,
2018-04-01,125.0,,,,empresa,OTECEL S.A.,4551309.0,4551309.0,0.0,,,,,,
2018-05-01,126.0,,,,empresa,CNT EP,2495597.0,2495597.0,0.0,,,,,,
2018-05-01,126.0,,,,empresa,CONECEL S.A.,8036850.0,8036850.0,0.0,,,,,,
2018-05-01,126.0,,,,empresa,OTECEL S.A.,4582050.0,4582050.0,0.0,,,,,,
2018-06-01,127.0,,,,empresa,CNT EP,2533812.0,2533812.0,0.0,,,,,,
2018-06-01,127.0,,,,empresa,CONECEL S.A.,8067726.0,8067726.0,0.0,,,,,,
2018-06-01,127.0,,,,empresa,OTECEL S.A.,4622014.0,4622014.0,0.0,,,,,,
2018-07-01,128.0,,,,empresa,CNT EP,2609567.0,2609567.0,0.0,,,,,,
2018-07-01,128.0,,,,empresa,CONECEL S.A.,8108264.0,8108264.0,0.0,,,,,,
2018-07-01,128.0,,,,empresa,OTECEL S.A.,4666163.0,4666163.0,0.0,,,,,,
2018-08-01,129.0,,,,empresa,CNT EP,2658866.0,2658866.0,0.0,,,,,,
2018-08-01,129.0,,,,empresa,CONECEL S.A.,8128638.0,8128638.0,0.0,,,,,,
2018-08-01,129.0,,,,empresa,OTECEL S.A.,4635610.0,4635610.0,0.0,,,,,,
2018-09-01,130.0,,,,empresa,CNT EP,2739272.0,2739272.0,0.0,,,,,,
2018-09-01,130.0,,,,empresa,CONECEL S.A.,8160472.0,8160472.0,0.0,,,,,,
2018-09-01,130.0,,,,empresa,OTECEL S.A.,4648800.0,4648800.0,0.0,,,,,,
2018-10-01,131.0,,,,empresa,CNT EP,2771214.0,2771214.0,0.0,,,,,,
2018-10-01,131.0,,,,empresa,CONECEL S.A.,8185833.0,8185833.0,0.0,,,,,,
2018-10-01,131.0,,,,empresa,OTECEL S.A.,4625889.0,4625889.0,0.0,,,,,,
2018-11-01,132.0,,,,empresa,CNT EP,2807331.0,2807331.0,0.0,,,,,,
2018-11-01,132.0,,,,empresa,CONECEL S.A.,8211354.0,8211354.0,0.0,,,,,,
2018-11-01,132.0,,,,empresa,OTECEL S.A.,4649998.0,4649998.0,0.0,,,,,,
2018-12-01,133.0,,,,empresa,CNT EP,2845142.0,2845142.0,0.0,,,,,,
2018-12-01,133.0,,,,empresa,CONECEL S.A.,8248050.0,8248050.0,0.0,,,,,,
2018-12-01,133.0,,,,empresa,OTECEL S.A.,4679646.0,4679646.0,0.0,,,,,,
2019-01-01,134.0,,,,empresa,CNT EP,2904254.0,2904254.0,0.0,,,,,,
2019-01-01,134.0,,,,empresa,CONECEL S.A.,8262127.0,8262127.0,0.0,,,,,,
2019-01-01,134.0,,,,empresa,OTECEL S.A.,4675160.0,4675160.0,0.0,,,,,,
2019-02-01,135.0,,,,empresa,CNT EP,2944948.0,2944948.0,0.0,,,,,,
2019-02-01,135.0,,,,empresa,CONECEL S.A.,8277987.0,8277987.0,0.0,,,,,,
2019-02-01,135.0,,,,empresa,OTECEL S.A.,4676644.0,4676644.0,0.0,,,,,,
2019-03-01,136.0,,,,empresa,CNT EP,2964684.0,2964684.0,0.0,,,,,,
2019-03-01,136.0,,,,empresa,CONECEL S.A.,8308497.0,8308497.0,0.0,,,,,,
2019-03-01,136.0,,,,empresa,OTECEL S.A.,4623778.0,4623778.0,0.0,,,,,,
2019-04-01,137.0,,,,empresa,CNT EP,3017616.0,3017616.0,0.0,,,,,,
2019-04-01,137.0,,,,empresa,CONECEL S.A.,8323675.0,8323675.0,0.0,,,,,,
2019-04-01,137.0,,,,empresa,OTECEL S.A.,4615770.0,4615770.0,0.0,,,,,,
2019-05-01,138.0,,,,empresa,CNT EP,3040075.0,3040075.0,0.0,,,,,,
2019-05-01,138.0,,,,empresa,CONECEL S.A.,8342990.0,8342990.0,0.0,,,,,,
2019-05-01,138.0,,,,empresa,OTECEL S.A.,4566377.0,4566377.0,0.0,,,,,,
2019-06-01,139.0,,,,empresa,CNT EP,3073156.0,3073156.0,0.0,,,,,,
2019-06-01,139.0,,,,empresa,CONECEL S.A.,8355627.0,8355627.0,0.0,,,,,,
2019-06-01,139.0,,,,empresa,OTECEL S.A.,4540063.0,4540063.0,0.0,,,,,,
2019-07-01,140.0,,,,empresa,CNT EP,3017834.0,3017834.0,0.0,,,,,,
2019-07-01,140.0,,,,empresa,CONECEL S.A.,8371121.0,8371121.0,0.0,,,,,,
2019-07-01,140.0,,,,empresa,OTECEL S.A.,4481455.0,4481455.0,0.0,,,,,,
2019-08-01,141.0,,,,empresa,CNT EP,3041397.0,3041397.0,0.0,,,,,,
2019-08-01,141.0,,,,empresa,CONECEL S.A.,8392029.0,8392029.0,0.0,,,,,,
2019-08-01,141.0,,,,empresa,OTECEL S.A.,4460992.0,4460992.0,0.0,,,,,,
2019-09-01,142.0,,,,empresa,CNT EP,2983293.0,2983293.0,0.0,,,,,,
2019-09-01,142.0,,,,empresa,CONECEL S.A.,8421898.0,8421898.0,0.0,,,,,,
2019-09-01,142.0,,,,empresa,OTECEL S.A.,4439674.0,4439674.0,0.0,,,,,,
2019-10-01,143.0,,,,empresa,CNT EP,2919544.0,2919544.0,0.0,,,,,,
2019-10-01,143.0,,,,empresa,CONECEL S.A.,8409345.0,8409345.0,0.0,,,,,,
2019-10-01,143.0,,,,empresa,OTECEL S.A.,4402862.0,4402862.0,0.0,,,,,,
2019-11-01,144.0,,,,empresa,CNT EP,2914685.0,2914685.0,0.0,,,,,,
2019-11-01,144.0,,,,empresa,CONECEL S.A.,8440679.0,8440679.0,0.0,,,,,,
2019-11-01,144.0,,,,empresa,OTECEL S.A.,4420877.0,4420877.0,0.0,,,,,,
2019-12-01,145.0,,,,empresa,CNT EP,2903690.0,2903690.0,0.0,,,,,,
2019-12-01,145.0,,,,empresa,CONECEL S.A.,8493054.0,8493054.0,0.0,,,,,,
2019-12-01,145.0,,,,empresa,OTECEL S.A.,4456356.0,4456356.0,0.0,,,,,,
2020-01-01,146.0,,,,empresa,CNT EP,2896237.0,2896237.0,0.0,,,,,,
2020-01-01,146.0,,,,empresa,CONECEL S.A.,8524942.0,8524942.0,0.0,,,,,,
2020-01-01,146.0,,,,empresa,OTECEL S.A.,4485778.0,4485778.0,0.0,,,,,,
2020-02-01,147.0,,,,empresa,CNT EP,2879525.0,2879525.0,0.0,,,,,,
2020-02-01,147.0,,,,empresa,CONECEL S.A.,8547436.0,8547436.0,0.0,,,,,,
2020-02-01,147.0,,,,empresa,OTECEL S.A.,4491497.0,4491497.0,0.0,,,,,,
2020-03-01,148.0,,,,empresa,CNT EP,2909915.0,2909915.0,0.0,,,,,,
2020-03-01,148.0,,,,empresa,CONECEL S.A.,8465092.0,8465092.0,0.0,,,,,,
2020-03-01,148.0,,,,empresa,OTECEL S.A.,4404214.0,4404214.0,0.0,,,,,,
2020-04-01,149.0,,,,empresa,CNT EP,2921050.0,2921050.0,0.0,,,,,,
2020-04-01,149.0,,,,empresa,CONECEL S.A.,8157884.0,8157884.0,0.0,,,,,,
2020-04-01,149.0,,,,empresa,OTECEL S.A.,4251952.0,4251952.0,0.0,,,,,,
2020-05-01,150.0,,,,empresa,CNT EP,2898420.0,2898420.0,0.0,,,,,,
2020-05-01,150.0,,,,empresa,CONECEL S.A.,7987799.0,7987799.0,0.0,,,,,,
2020-05-01,150.0,,,,empresa,OTECEL S.A.,4115703.0,4115703.0,0.0,,,,,,
2020-06-01,151.0,,,,empresa,CNT EP,2865827.0,2865827.0,0.0,,,,,,
2020-06-01,151.0,,,,empresa,CONECEL S.A.,7877571.0,7877571.0,0.0,,,,,,
2020-06-01,151.0,,,,empresa,OTECEL S.A.,4134378.0,4134378.0,0.0,,,,,,
2020-07-01,152.0,,,,empresa,CNT EP,2772437.0,2772437.0,0.0,,,,,,
2020-07-01,152.0,,,,empresa,CONECEL S.A.,7718071.0,7718071.0,0.0,,,,,,
2020-07-01,152.0,,,,empresa,OTECEL S.A.,4266563.0,4266563.0,0.0,,,,,,
2020-08-01,153.0,,,,empresa,CNT EP,2763303.0,2763303.0,0.0,,,,,,
2020-08-01,153.0,,,,empresa,CONECEL S.A.,7806588.0,7806588.0,0.0,,,,,,
2020-08-01,153.0,,,,empresa,OTECEL S.A.,4375909.0,4375909.0,0.0,,,,,,
2020-09-01,154.0,,,,empresa,CNT EP,2762939.0,2762939.0,0.0,,,,,,
2020-09-01,154.0,,,,empresa,CONECEL S.A.,7821877.0,7821877.0,0.0,,,,,,
2020-09-01,154.0,,,,empresa,OTECEL S.A.,4486010.0,4486010.0,0.0,,,,,,
2020-10-01,155.0,,,,empresa,CNT EP,2780545.0,2780545.0,0.0,,,,,,
2020-10-01,155.0,,,,empresa,CONECEL S.A.,7810241.0,7810241.0,0.0,,,,,,
2020-10-01,155.0,,,,empresa,OTECEL S.A.,4601855.0,4601855.0,0.0,,,,,,
2020-11-01,156.0,,,,empresa,CNT EP,2797069.0,2797069.0,0.0,,,,,,
2020-11-01,156.0,,,,empresa,CONECEL S.A.,7836096.0,7836096.0,0.0,,,,,,
2020-11-01,156.0,,,,empresa,OTECEL S.A.,4636163.0,4636163.0,0.0,,,,,,
2020-12-01,157.0,,,,empresa,CNT EP,2826388.0,2826388.0,0.0,,,,,,
2020-12-01,157.0,,,,empresa,CONECEL S.A.,7929253.0,7929253.0,0.0,,,,,,
2020-12-01,157.0,,,,empresa,OTECEL S.A.,4729725.0,4729725.0,0.0,,,,,,
2021-01-01,158.0,,,,empresa,CNT EP,2755177.0,2755177.0,0.0,,,,,,
2021-01-01,158.0,,,,empresa,CONECEL S.A.,7965274.0,7965274.0,0.0,,,,,,
2021-01-01,158.0,,,,empresa,OTECEL S.A.,4800608.0,4800608.0,0.0,,,,,,
2021-02-01,159.0,,,,empresa,CNT EP,2831764.0,2831764.0,0.0,,,,,,
2021-02-01,159.0,,,,empresa,CONECEL S.A.,8012894.0,8012894.0,0.0,,,,,,
2021-02-01,159.0,,,,empresa,OTECEL S.A.,4856877.0,4856877.0,0.0,,,,,,
2021-03-01,160.0,,,,empresa,CNT EP,2827246.0,2827246.0,0.0,,,,,,
2021-03-01,160.0,,,,empresa,CONECEL S.A.,8103873.0,8103873.0,0.0,,,,,,
2021-03-01,160.0,,,,empresa,OTECEL S.A.,4909433.0,4909433.0,0.0,,,,,,
2021-04-01,161.0,,,,empresa,CNT EP,2814894.0,2814894.0,0.0,,,,,,
2021-04-01,161.0,,,,empresa,CONECEL S.A.,8163884.0,8163884.0,0.0,,,,,,
2021-04-01,161.0,,,,empresa,OTECEL S.A.,4915830.000000005,4915830.000000005,0.0,,,,,,
2021-05-01,162.0,,,,empresa,CNT EP,2825401.0,2825401.0,0.0,,,,,,
2021-05-01,162.0,,,,empresa,CONECEL S.A.,8227613.0,8227613.0,0.0,,,,,,
2021-05-01,162.0,,,,empresa,OTECEL S.A.,4923245.0,4923245.0,0.0,,,,,,
2021-06-01,163.0,,,,empresa,CNT EP,2825401.0,2825401.0,0.0,,,,,,
2021-06-01,163.0,,,,empresa,CONECEL S.A.,8307915.0,8307915.0,0.0,,,,,,
2021-06-01,163.0,,,,empresa,OTECEL S.A.,4927307.0,4927307.0,0.0,,,,,,
2021-07-01,164.0,,,,empresa,CNT EP,2825401.0,2825401.0,0.0,,,,,,
2021-07-01,164.0,,,,empresa,CONECEL S.A.,8383604.0,8383604.0,0.0,,,,,,
2021-07-01,164.0,,,,empresa,OTECEL S.A.,4996675.0,4996675.0,0.0,,,,,,
2021-08-01,165.0,,,,empresa,CNT EP,2825401.0,2825401.0,0.0,,,,,,
2021-08-01,165.0,,,,empresa,CONECEL S.A.,8459659.0,8459659.0,0.0,,,,,,
2021-08-01,165.0,,,,empresa,OTECEL S.A.,5052880.0,5052880.0,0.0,,,,,,
2021-09-01,166.0,,,,empresa,CNT EP,2825401.0,2825401.0,0.0,,,,,,
2021-09-01,166.0,,,,empresa,CONECEL S.A.,8546668.0,8546668.0,0.0,,,,,,
2021-09-01,166.0,,,,empresa,OTECEL S.A.,5137764.0,5137764.0,0.0,,,,,,
2021-10-01,167.0,,,,empresa,CNT EP,2869251.0,2869251.0,0.0,,,,,,
2021-10-01,167.0,,,,empresa,CONECEL S.A.,8582141.0,8582141.0,0.0,,,,,,
2021-10-01,167.0,,,,empresa,OTECEL S.A.,5179337.0,5179337.0,0.0,,,,,,
2021-11-01,168.0,,,,empresa,CNT EP,2861029.0,2861029.0,0.0,,,,,,
2021-11-01,168.0,,,,empresa,CONECEL S.A.,8608545.0,8608545.0,0.0,,,,,,
2021-11-01,168.0,,,,empresa,OTECEL S.A.,5216577.0,5216577.0,0.0,,,,,,
2021-12-01,169.0,,,,empresa,CNT EP,2869417.0,2869417.0,0.0,,,,,,
2021-12-01,169.0,,,,empresa,CONECEL S.A.,8665715.0,8665715.0,0.0,,,,,,
2021-12-01,169.0,,,,empresa,OTECEL S.A.,5254468.0,5254468.0,0.0,,,,,,
2022-01-01,170.0,,,,empresa,CNT EP,2880068.0,2880068.0,0.0,,,,,,
2022-01-01,170.0,,,,empresa,CONECEL S.A.,8695331.0,8695331.0,0.0,,,,,,
2022-01-01,170.0,,,,empresa,OTECEL S.A.,5272790.0,5272790.0,0.0,,,,,,
2022-02-01,171.0,,,,empresa,CNT EP,2885948.0,2885948.0,0.0,,,,,,
2022-02-01,171.0,,,,empresa,CONECEL S.A.,8721942.0,8721942.0,0.0,,,,,,
2022-02-01,171.0,,,,empresa,OTECEL S.A.,5297947.999999997,5297947.999999997,0.0,,,,,,
2022-03-01,172.0,,,,empresa,CNT EP,2893506.0,2893506.0,0.0,,,,,,
2022-03-01,172.0,,,,empresa,CONECEL S.A.,8746957.0,8746957.0,0.0,,,,,,
2022-03-01,172.0,,,,empresa,OTECEL S.A.,5309230.0,5309230.0,0.0,,,,,,
2022-04-01,173.0,,,,empresa,CNT EP,2904652.0,2904652.0,0.0,,,,,,
2022-04-01,173.0,,,,empresa,CONECEL S.A.,8773356.0,8773356.0,0.0,,,,,,
2022-04-01,173.0,,,,empresa,OTECEL S.A.,5349789.0,5349789.0,0.0,,,,,,
2022-05-01,174.0,,,,empresa,CNT EP,2916052.0,2916052.0,0.0,,,,,,
2022-05-01,174.0,,,,empresa,CONECEL S.A.,8810418.0,8810418.0,0.0,,,,,,
2022-05-01,174.0,,,,empresa,OTECEL S.A.,5358332.0,5358332.0,0.0,,,,,,
2022-06-01,175.0,,,,empresa,CNT EP,2926942.0,2926942.0,0.0,,,,,,
2022-06-01,175.0,,,,empresa,CONECEL S.A.,8802391.0,8802391.0,0.0,,,,,,
2022-06-01,175.0,,,,empresa,OTECEL S.A.,5326606.0,5326606.0,0.0,,,,,,
2022-07-01,176.0,,,,empresa,CNT EP,2940353.0,2940353.0,0.0,,,,,,
2022-07-01,176.0,,,,empresa,CONECEL S.A.,8811432.0,8811432.0,0.0,,,,,,
2022-07-01,176.0,,,,empresa,OTECEL S.A.,5334228.0,5334228.0,0.0,,,,,,
2022-08-01,177.0,,,,empresa,CNT EP,2954002.0,2954002.0,0.0,,,,,,
2022-08-01,177.0,,,,empresa,CONECEL S.A.,8855909.0,8855909.0,0.0,,,,,,
2022-08-01,177.0,,,,empresa,OTECEL S.A.,5345771.0,5345771.0,0.0,,,,,,
2022-09-01,178.0,,,,empresa,CNT EP,2967003.0,2967003.0,0.0,,,,,,
2022-09-01,178.0,,,,empresa,CONECEL S.A.,8900276.0,8900276.0,0.0,,,,,,
2022-09-01,178.0,,,,empresa,OTECEL S.A.,5386355.0,5386355.0,0.0,,,,,,
2022-10-01,179.0,,,,empresa,CNT EP,2980969.0,2980969.0,0.0,,,,,,
2022-10-01,179.0,,,,empresa,CONECEL S.A.,8938600.0,8938600.0,0.0,,,,,,
2022-10-01,179.0,,,,empresa,OTECEL S.A.,5418229.0,5418229.0,0.0,,,,,,
2022-11-01,180.0,,,,empresa,CNT EP,2996586.0,2996586.0,0.0,,,,,,
2022-11-01,180.0,,,,empresa,CONECEL S.A.,8959736.0,8959736.0,0.0,,,,,,
2022-11-01,180.0,,,,empresa,OTECEL S.A.,5435623.0,5435623.0,0.0,,,,,,
2022-12-01,181.0,,,,empresa,CNT EP,3011899.0,3011899.0,0.0,,,,,,
2022-12-01,181.0,,,,empresa,CONECEL S.A.,9027737.0,9027737.0,0.0,,,,,,
2022-12-01,181.0,,,,empresa,OTECEL S.A.,5451115.0,5451115.0,0.0,,,,,,
2023-01-01,182.0,,,,empresa,CNT EP,3028254.0,3028254.0,0.0,,,,,,
2023-01-01,182.0,,,,empresa,CONECEL S.A.,9073421.0,9073421.0,0.0,,,,,,
2023-01-01,182.0,,,,empresa,OTECEL S.A.,5411860.0,5411860.0,0.0,,,,,,
2023-02-01,183.0,,,,empresa,CNT EP,3048837.0,3048837.0,0.0,,,,,,
2023-02-01,183.0,,,,empresa,CONECEL S.A.,9092490.0,9092490.0,0.0,,,,,,
2023-02-01,183.0,,,,empresa,OTECEL S.A.,5410681.999999997,5410681.999999997,0.0,,,,,,
2023-03-01,184.0,,,,empresa,CNT EP,3070611.0,3070611.0,0.0,,,,,,
2023-03-01,184.0,,,,empresa,CONECEL S.A.,9162562.0,9162562.0,0.0,,,,,,
2023-03-01,184.0,,,,empresa,OTECEL S.A.,5419670.0,5419670.0,0.0,,,,,,
2023-04-01,185.0,,,,empresa,CNT EP,3089410.0,3089410.0,0.0,,,,,,
2023-04-01,185.0,,,,empresa,CONECEL S.A.,9220042.0,9220042.0,0.0,,,,,,
2023-04-01,185.0,,,,empresa,OTECEL S.A.,5409581.0,5409581.0,0.0,,,,,,
2023-05-01,186.0,,,,empresa,CNT EP,3108405.0,3108405.0,0.0,,,,,,
2023-05-01,186.0,,,,empresa,CONECEL S.A.,9259499.0,9259499.0,0.0,,,,,,
2023-05-01,186.0,,,,empresa,OTECEL S.A.,5433930.0,5433930.0,0.0,,,,,,
2023-06-01,187.0,,,,empresa,CNT EP,3123905.0,3123905.0,0.0,,,,,,
2023-06-01,187.0,,,,empresa,CONECEL S.A.,9290231.0,9290231.0,0.0,,,,,,
2023-06-01,187.0,,,,empresa,OTECEL S.A.,5458654.999999996,5458654.999999996,0.0,,,,,,
2023-07-01,188.0,,,,empresa,CNT EP,3144067.0,3144067.0,0.0,,,,,,
2023-07-01,188.0,,,,empresa,CONECEL S.A.,9310350.0,9310350.0,0.0,,,,,,
2023-07-01,188.0,,,,empresa,OTECEL S.A.,5499231.999999998,5499231.999999998,0.0,,,,,,
2023-08-01,189.0,,,,empresa,CNT EP,3164614.0,3164614.0,0.0,,,,,,
2023-08-01,189.0,,,,empresa,CONECEL S.A.,9349530.0,9349530.0,0.0,,,,,,
2023-08-01,189.0,,,,empresa,OTECEL S.A.,5530451.0,5530451.0,0.0,,,,,,
2023-09-01,190.0,,,,empresa,CNT EP,3184663.0,3184663.0,0.0,,,,,,
2023-09-01,190.0,,,,empresa,CONECEL S.A.,9361007.0,9361007.0,0.0,,,,,,
2023-09-01,190.0,,,,empresa,OTECEL S.A.,5536629.0,5536629.0,0.0,,,,,,
2023-10-01,191.0,,,,empresa,CNT EP,3202774.0,3202774.0,0.0,,,,,,
2023-10-01,191.0,,,,empresa,CONECEL S.A.,9378363.0,9378363.0,0.0,,,,,,
2023-10-01,191.0,,,,empresa,OTECEL S.A.,5518632.0,5518632.0,0.0,,,,,,
2023-11-01,192.0,,,,empresa,CNT EP,3225513.0,3225513.0,0.0,,,,,,
2023-11-01,192.0,,,,empresa,CONECEL S.A.,9399776.0,9399776.0,0.0,,,,,,
2023-11-01,192.0,,,,empresa,OTECEL S.A.,5500199.0,5500199.0,0.0,,,,,,
2023-12-01,193.0,,,,empresa,CNT EP,3250303.0,3250303.0,0.0,,,,,,
2023-12-01,193.0,,,,empresa,CONECEL S.A.,9425714.0,9425714.0,0.0,,,,,,
2023-12-01,193.0,,,,empresa,OTECEL S.A.,5489576.0,5489576.0,0.0,,,,,,
2024-01-01,194.0,,,,empresa,CNT EP,3267658.0,3267658.0,0.0,,,,,,
2024-01-01,194.0,,,,empresa,CONECEL S.A.,9435179.0,9435179.0,0.0,,,,,,
2024-01-01,194.0,,,,empresa,OTECEL S.A.,5426792.0,5426792.0,0.0,,,,,,
2024-02-01,195.0,,,,empresa,CNT EP,3288468.0,3288468.0,0.0,,,,,,
2024-02-01,195.0,,,,empresa,CONECEL S.A.,9444024.0,9444024.0,0.0,,,,,,
2024-02-01,195.0,,,,empresa,OTECEL S.A.,5416623.0,5416623.0,0.0,,,,,,
2024-03-01,196.0,,,,empresa,CNT EP,3311950.0,3311950.0,0.0,,,,,,
2024-03-01,196.0,,,,empresa,CONECEL S.A.,9479113.0,9479113.0,0.0,,,,,,
2024-03-01,196.0,,,,empresa,OTECEL S.A.,5381714.0,5381714.0,0.0,,,,,,
2024-04-01,197.0,,,,empresa,CNT EP,3321223.0,3321223.0,0.0,,,,,,
2024-04-01,197.0,,,,empresa,CONECEL S.A.,9547573.0,9547573.0,0.0,,,,,,
2024-04-01,197.0,,,,empresa,OTECEL S.A.,5366321.0,5366321.0,0.0,,,,,,
2024-05-01,198.0,,,,empresa,CNT EP,3330260.0,3330260.0,0.0,,,,,,
2024-05-01,198.0,,,,empresa,CONECEL S.A.,9579545.0,9579545.0,0.0,,,,,,
2024-05-01,198.0,,,,empresa,OTECEL S.A.,5340239.0,5340239.0,0.0,,,,,,
2024-06-01,199.0,,,,empresa,CNT EP,3335679.0,3335679.0,0.0,,,,,,
2024-06-01,199.0,,,,empresa,CONECEL S.A.,9610234.0,9610234.0,0.0,,,,,,
2024-06-01,199.0,,,,empresa,OTECEL S.A.,5320397.0,5320397.0,0.0,,,,,,
2024-07-01,200.0,,,,empresa,CNT EP,3344235.0,3344235.0,0.0,,,,,,
2024-07-01,200.0,,,,empresa,CONECEL S.A.,9626496.0,9626496.0,0.0,,,,,,
2024-07-01,200.0,,,,empresa,OTECEL S.A.,5302327.0,5302327.0,0.0,,,,,,
2024-08-01,201.0,,,,empresa,CNT EP,3356369.0,3356369.0,0.0,,,,,,
2024-08-01,201.0,,,,empresa,CONECEL S.A.,9654402.0,9654402.0,0.0,,,,,,
2024-08-01,201.0,,,,empresa,OTECEL S.A.,5308993.0,5308993.0,0.0,,,,,,
2024-09-01,202.0,,,,empresa,CNT EP,3294626.0,3294626.0,0.0,,,,,,
2024-09-01,202.0,,,,empresa,CONECEL S.A.,9689402.0,9689402.0,0.0,,,,,,
2024-09-01,202.0,,,,empresa,OTECEL S.A.,5332818.0,5332818.0,0.0,,,,,,
2024-10-01,203.0,,,,empresa,CNT EP,3300378.0,3300378.0,0.0,,,,,,
2024-10-01,203.0,,,,empresa,CONECEL S.A.,9779997.0,9779997.0,0.0,,,,,,
2024-10-01,203.0,,,,empresa,OTECEL S.A.,5351219.0,5351219.0,0.0,,,,,,
2024-11-01,204.0,,,,empresa,CNT EP,3329124.0,3329124.0,0.0,,,,,,
2024-11-01,204.0,,,,empresa,CONECEL S.A.,9822398.0,9822398.0,0.0,,,,,,
2024-11-01,204.0,,,,empresa,OTECEL S.A.,5327334.0,5327334.0,0.0,,,,,,
2024-12-01,205.0,,,,empresa,CNT EP,3310426.0,3310426.0,0.0,,,,,,
2024-12-01,205.0,,,,empresa,CONECEL S.A.,9861585.0,9861585.0,0.0,,,,,,
2024-12-01,205.0,,,,empresa,OTECEL S.A.,5333807.0,5333807.0,0.0,,,,,,
2025-01-01,206.0,,,,empresa,CNT EP,3306770.0,3306770.0,0.0,,,,,,
2025-01-01,206.0,,,,empresa,CONECEL S.A.,9906932.0,9906932.0,0.0,,,,,,
2025-01-01,206.0,,,,empresa,OTECEL S.A.,5321021.0,5321021.0,0.0,,,,,,
2025-02-01,207.0,,,,empresa,CNT EP,3300892.0,3300892.0,0.0,,,,,,
2025-02-01,207.0,,,,empresa,CONECEL S.A.,9920544.0,9920544.0,0.0,,,,,,
2025-02-01,207.0,,,,empresa,OTECEL S.A.,5287097.0,5287097.0,0.0,,,,,,
2025-03-01,208.0,,,,empresa,CNT EP,3292282.0,3292282.0,0.0,,,,,,
2025-03-01,208.0,,,,empresa,CONECEL S.A.,9948617.0,9948617.0,0.0,,,,,,
2025-03-01,208.0,,,,empresa,OTECEL S.A.,5274170.56737568,5274170.56737568,0.0,,,,,,
2025-04-01,209.0,,,,empresa,CNT EP,3289872.0,3289872.0,0.0,,,,,,
2025-04-01,209.0,,,,empresa,CONECEL S.A.,9973028.0,9973028.0,0.0,,,,,,
2025-04-01,209.0,,,,empresa,OTECEL S.A.,5298117.0,5298117.0,0.0,,,,,,
2025-05-01,210.0,,,,empresa,CNT EP,3303952.0,3303952.0,0.0,,,,,,
2025-05-01,210.0,,,,empresa,CONECEL S.A.,9990389.0,9990389.0,0.0,,,,,,
2025-05-01,210.0,,,,empresa,OTECEL S.A.,5340608.0,5340608.0,0.0,,,,,,
2025-06-01,211.0,,,,empresa,CNT EP,3303946.0,3303946.0,0.0,,,,,,
2025-06-01,211.0,,,,empresa,CONECEL S.A.,9996269.0,9996269.0,0.0,,,,,,
2025-06-01,211.0,,,,empresa,OTECEL S.A.,5379796.0,5379796.0,0.0,,,,,,
2025-07-01,212.0,,,,empresa,CNT EP,3300086.0,3300086.0,0.0,,,,,,
2025-07-01,212.0,,,,empresa,CONECEL S.A.,9961278.0,9961278.0,0.0,,,,,,
2025-07-01,212.0,,,,empresa,OTECEL S.A.,5418839.0,5418839.0,0.0,,,,,,
2025-08-01,213.0,,,,empresa,CNT EP,3290397.0,3290397.0,0.0,,,,,,
2025-08-01,213.0,,,,empresa,CONECEL S.A.,9670624.0,9670624.0,0.0,,,,,,
2025-08-01,213.0,,,,empresa,OTECEL S.A.,5418440.0,5418440.0,0.0,,,,,,
2025-09-01,214.0,,,,empresa,CNT EP,3279157.0,3279157.0,0.0,,,,,,
2025-09-01,214.0,,,,empresa,CONECEL S.A.,9676502.0,9676502.0,0.0,,,,,,
2025-09-01,214.0,,,,empresa,OTECEL S.A.,5406621.0,5406621.0,0.0,,,,,,
2025-10-01,215.0,,,,empresa,CNT EP,3277554.0,3277554.0,0.0,,,,,,
2025-10-01,215.0,,,,empresa,CONECEL S.A.,9683109.0,9683109.0,0.0,,,,,,
2025-10-01,215.0,,,,empresa,OTECEL S.A.,5408861.0,5408861.0,0.0,,,,,,
2025-11-01,216.0,,,,empresa,CNT EP,0.0,,,,,,,,
2025-11-01,216.0,,,,empresa,CONECEL S.A.,0.0,,,,,,,,
2025-11-01,216.0,,,,empresa,OTECEL S.A.,0.0,,,,,,,,
2025-12-01,217.0,,,,empresa,CNT EP,0.0,,,,,,,,
2025-12-01,217.0,,,,empresa,CONECEL S.A.,0.0,,,,,,,,
2025-12-01,217.0,,,,empresa,OTECEL S.A.,0.0,,,,,,,,
2026-01-01,218.0,,,,empresa,CNT EP,0.0,,,,,,,,
2026-01-01,218.0,,,,empresa,CONECEL S.A.,0.0,,,,,,,,
2026-01-01,218.0,,,,empresa,OTECEL S.A.,0.0,,,,,,,,
2026-02-01,219.0,,,,empresa,CNT EP,0.0,,,,,,,,
2026-02-01,219.0,,,,empresa,CONECEL S.A.,0.0,,,,,,,,
2026-02-01,219.0,,,,empresa,OTECEL S.A.,0.0,,,,,,,,
2026-03-01,220.0,,,,empresa,CNT EP,0.0,,,,,,,,
2026-03-01,220.0,,,,empresa,CONECEL S.A.,0.0,,,,,,,,
2026-03-01,220.0,,,,empresa,OTECEL S.A.,0.0,,,,,,,,
2026-04-01,221.0,,,,empresa,CNT EP,0.0,,,,,,,,
2026-04-01,221.0,,,,empresa,CONECEL S.A.,0.0,,,,,,,,
2026-04-01,221.0,,,,empresa,OTECEL S.A.,0.0,,,,,,,,
2026-05-01,222.0,,,,empresa,CNT EP,0.0,,,,,,,,
2026-05-01,222.0,,,,empresa,CONECEL S.A.,0.0,,,,,,,,
2026-05-01,222.0,,,,empresa,OTECEL S.A.,0.0,,,,,,,,
2026-06-01,223.0,,,,empresa,CNT EP,0.0,,,,,,,,
2026-06-01,223.0,,,,empresa,CONECEL S.A.,0.0,,,,,,,,
2026-06-01,223.0,,,,empresa,OTECEL S.A.,0.0,,,,,,,,
2026-07-01,224.0,,,,empresa,CNT EP,0.0,,,,,,,,
2026-07-01,224.0,,,,empresa,CONECEL S.A.,0.0,,,,,,,,
2026-07-01,224.0,,,,empresa,OTECEL S.A.,0.0,,,,,,,,
2026-08-01,225.0,,,,empresa,CNT EP,0.0,,,,,,,,
2026-08-01,225.0,,,,empresa,CONECEL S.A.,0.0,,,,,,,,
2026-08-01,225.0,,,,empresa,OTECEL S.A.,0.0,,,,,,,,
2026-09-01,226.0,,,,empresa,CNT EP,0.0,,,,,,,,
2026-09-01,226.0,,,,empresa,CONECEL S.A.,0.0,,,,,,,,
2026-09-01,226.0,,,,empresa,OTECEL S.A.,0.0,,,,,,,,
2026-10-01,227.0,,,,empresa,CNT EP,0.0,,,,,,,,
2026-10-01,227.0,,,,empresa,CONECEL S.A.,0.0,,,,,,,,
2026-10-01,227.0,,,,empresa,OTECEL S.A.,0.0,,,,,,,,
,,,,,fechas,,,,,13.0,2008,2008-12-01,,True,False
,,,,,fechas,,,,,14.0,Ene 2009,2009-01-01,2009-01-01,False,False
,,,,,fechas,,,,,15.0,Feb 2009,2009-02-01,2009-02-01,False,False
,,,,,fechas,,,,,16.0,Mar 2009,2009-03-01,2009-03-01,False,False
,,,,,fechas,,,,,17.0,Abr 2009,2009-04-01,2009-04-01,False,False
,,,,,fechas,,,,,18.0,May 2009,2009-05-01,2009-05-01,False,False
,,,,,fechas,,,,,19.0,Jun 2009,2009-06-01,2009-06-01,False,False
,,,,,fechas,,,,,20.0,Jul 2009,2009-07-01,2009-07-01,False,False
,,,,,fechas,,,,,21.0,Ago 2009,2009-08-01,2009-08-01,False,False
,,,,,fechas,,,,,22.0,Sep 2009,2009-09-01,2009-09-01,False,False
,,,,,fechas,,,,,23.0,Oct 2009,2009-10-01,2009-10-01,False,False
,,,,,fechas,,,,,24.0,Nov 2009,2009-11-01,2009-11-01,False,False
,,,,,fechas,,,,,25.0,2009,2009-12-01,,True,False
,,,,,fechas,,,,,26.0,Ene 2010,2010-01-01,2010-01-01,False,False
,,,,,fechas,,,,,27.0,Feb 2010,2010-02-01,2010-02-01,False,False
,,,,,fechas,,,,,28.0,Mar 2010,2010-03-01,2010-03-01,False,False
,,,,,fechas,,,,,29.0,Abr 2010,2010-04-01,2010-04-01,False,False
,,,,,fechas,,,,,30.0,May 2010,2010-05-01,2010-05-01,False,False
,,,,,fechas,,,,,31.0,Jun 2010,2010-06-01,2010-06-01,False,False
,,,,,fechas,,,,,32.0,Jul 2010,2010-07-01,2010-07-01,False,False
,,,,,fechas,,,,,33.0,Ago 2010,2010-08-01,2010-08-01,False,False
,,,,,fechas,,,,,34.0,Sep 2010,2010-09-01,2010-09-01,False,False
,,,,,fechas,,,,,35.0,Oct 2010,2010-10-01,2010-10-01,False,False
,,,,,fechas,,,,,36.0,Nov 2010,2010-11-01,2010-11-01,False,False
,,,,,fechas,,,,,37.0,2010,2010-12-01,,True,False
,,,,,fechas,,,,,38.0,Ene 2011,2011-01-01,2011-01-01,False,False
,,,,,fechas,,,,,39.0,Feb 2011,2011-02-01,2011-02-01,False,False
,,,,,fechas,,,,,40.0,Mar 2011,2011-03-01,2011-03-01,False,False
,,,,,fechas,,,,,41.0,Abr 2011,2011-04-01,2011-04-01,False,False
,,,,,fechas,,,,,42.0,May 2011,2011-05-01,2011-05-01,False,False
,,,,,fechas,,,,,43.0,Jun 2011,2011-06-01,2011-06-01,False,False
,,,,,fechas,,,,,44.0,Jul 2011,2011-07-01,2011-07-01,False,False
,,,,,fechas,,,,,45.0,Ago 2011,2011-08-01,2011-08-01,False,False
,,,,,fechas,,,,,46.0,Sep 2011,2011-09-01,2011-09-01,False,False
,,,,,fechas,,,,,47.0,Oct 2011,2011-10-01,2011-10-01,False,False
,,,,,fechas,,,,,48.0,Nov 2011,2011-11-01,2011-11-01,False,False
,,,,,fechas,,,,,49.0,2011,2011-12-01,,True,False
,,,,,fechas,,,,,50.0,Ene 2012,2012-01-01,2012-01-01,False,False
,,,,,fechas,,,,,51.0,Feb 2012,2012-02-01,2012-02-01,False,False
,,,,,fechas,,,,,52.0,Mar 2012,2012-03-01,2012-03-01,False,False
,,,,,fechas,,,,,53.0,Abr 2012,2012-04-01,2012-04-01,False,False
,,,,,fechas,,,,,54.0,May 2012,2012-05-01,2012-05-01,False,False
,,,,,fechas,,,,,55.0,Jun 2012,2012-06-01,2012-06-01,False,False
,,,,,fechas,,,,,56.0,Jul 2012,2012-07-01,2012-07-01,False,False
,,,,,fechas,,,,,57.0,Ago 2012,2012-08-01,2012-08-01,False,False
,,,,,fechas,,,,,58.0,Sep 2012,2012-09-01,2012-09-01,False,False
,,,,,fechas,,,,,59.0,Oct 2012,2012-10-01,2012-10-01,False,False
,,,,,fechas,,,,,60.0,Nov 2012,2012-11-01,2012-11-01,False,False
,,,,,fechas,,,,,61.0,2012,2012-12-01,,True,False
,,,,,fechas,,,,,62.0,Ene 2013,2013-01-01,2013-01-01,False,False
,,,,,fechas,,,,,63.0,Feb 2013,2013-02-01,2013-02-01,False,False
,,,,,fechas,,,,,64.0,Mar 2013,2013-03-01,2013-03-01,False,False
,,,,,fechas,,,,,65.0,Abr 2013,2013-04-01,2013-04-01,False,False
,,,,,fechas,,,,,66.0,May 2013,2013-05-01,2013-05-01,False,False
,,,,,fechas,,,,,67.0,Jun 2013,2013-06-01,2013-06-01,False,False
,,,,,fechas,,,,,68.0,Jul 2013,2013-07-01,2013-07-01,False,False
,,,,,fechas,,,,,69.0,Ago 2013,2013-08-01,2013-08-01,False,False
,,,,,fechas,,,,,70.0,Sep 2013,2013-09-01,2013-09-01,False,False
,,,,,fechas,,,,,71.0,Oct 2013,2013-10-01,2013-10-01,False,False
,,,,,fechas,,,,,72.0,Nov 2013,2013-11-01,2013-11-01,False,False
,,,,,fechas,,,,,73.0,2013,2013-12-01,,True,False
,,,,,fechas,,,,,74.0,Ene 2014,2014-01-01,2014-01-01,False,False
,,,,,fechas,,,,,75.0,Feb 2014,2014-02-01,2014-02-01,False,False
,,,,,fechas,,,,,76.0,Mar 2014,2014-03-01,2014-03-01,False,False
,,,,,fechas,,,,,77.0,Abr 2014,2014-04-01,2014-04-01,False,False
,,,,,fechas,,,,,78.0,May 2014,2014-05-01,2014-05-01,False,False
,,,,,fechas,,,,,79.0,Jun 2014,2014-06-01,2014-06-01,False,False
,,,,,fechas,,,,,80.0,Jul 2014,2014-07-01,2014-07-01,False,False
,,,,,fechas,,,,,81.0,Ago 2014,2014-08-01,2014-08-01,False,False
,,,,,fechas,,,,,82.0,Sep 2014,2014-09-01,2014-09-01,False,False
,,,,,fechas,,,,,83.0,Oct 2014,2014-10-01,2014-10-01,False,False
,,,,,fechas,,,,,84.0,Nov 2014,2014-11-01,2014-11-01,False,False
,,,,,fechas,,,,,85.0,2014,2014-12-01,,True,False
,,,,,fechas,,,,,86.0,Ene 2015,2015-01-01,2015-01-01,False,False
,,,,,fechas,,,,,87.0,Feb 2015,2015-02-01,2015-02-01,False,False
,,,,,fechas,,,,,88.0,Mar 2015,2015-03-01,2015-03-01,False,False
,,,,,fechas,,,,,89.0,Abr 2015,2015-04-01,2015-04-01,False,False
,,,,,fechas,,,,,90.0,May 2015,2015-05-01,2015-05-01,False,False
,,,,,fechas,,,,,91.0,Jun 2015,2015-06-01,2015-06-01,False,False
,,,,,fechas,,,,,92.0,Jul 2015,2015-07-01,2015-07-01,False,False
,,,,,fechas,,,,,93.0,Ago 2015,2015-08-01,2015-08-01,False,False
,,,,,fechas,,,,,94.0,Sep 2015,2015-09-01,2015-09-01,False,False
,,,,,fechas,,,,,95.0,Oct 2015,2015-10-01,2015-10-01,False,False
,,,,,fechas,,,,,96.0,Nov 2015,2015-11-01,2015-11-01,False,False
,,,,,fechas,,,,,97.0,2015,2015-12-01,,True,False
,,,,,fechas,,,,,98.0,Ene 2016,2016-01-01,2016-01-01,False,False
,,,,,fechas,,,,,99.0,Feb 2016,2016-02-01,2016-02-01,False,False
,,,,,fechas,,,,,100.0,Mar 2016,2016-03-01,2016-03-01,False,False
,,,,,fechas,,,,,101.0,Abr 2016,2016-04-01,2016-04-01,False,False
,,,,,fechas,,,,,102.0,May 2016,2016-05-01,2016-05-01,False,False
,,,,,fechas,,,,,103.0,Jun 2016,2016-06-01,2016-06-01,False,False
,,,,,fechas,,,,,104.0,Jul 2016,2016-07-01,2016-07-01,False,False
,,,,,fechas,,,,,105.0,Ago 2016,2016-08-01,2016-08-01,False,False
,,,,,fechas,,,,,106.0,Sep 2016,2016-09-01,2016-09-01,False,False
,,,,,fechas,,,,,107.0,Oct 2016,2016-10-01,2016-10-01,False,False
,,,,,fechas,,,,,108.0,Nov 2016,2016-11-01,2016-11-01,False,False
,,,,,fechas,,,,,109.0,2016,2016-12-01,,True,False
,,,,,fechas,,,,,110.0,Ene 2017,2017-01-01,2017-01-01,False,False
,,,,,fechas,,,,,111.0,Feb 2017,2017-02-01,2017-02-01,False,False
,,,,,fechas,,,,,112.0,Mar 2017,2017-03-01,2017-03-01,False,False
,,,,,fechas,,,,,113.0,Abr 2017,2017-04-01,2017-04-01,False,False
,,,,,fechas,,,,,114.0,May 2017,2017-05-01,2017-05-01,False,False
,,,,,fechas,,,,,115.0,Jun 2017,2017-06-01,2017-06-01,False,False
,,,,,fechas,,,,,116.0,Jul 2017,2017-07-01,2017-07-01,False,False
,,,,,fechas,,,,,117.0,Ago 2017,2017-08-01,2017-08-01,False,False
,,,,,fechas,,,,,118.0,Sep 2017,2017-09-01,2017-09-01,False,False
,,,,,fechas,,,,,119.0,Oct 2017,2017-10-01,2017-10-01,False,False
,,,,,fechas,,,,,120.0,Nov 2017,2017-11-01,2017-11-01,False,False
,,,,,fechas,,,,,121.0,2017,2017-12-01,,True,False
,,,,,fechas,,,,,122.0,Ene 2018,2018-01-01,2018-01-01,False,False
,,,,,fechas,,,,,123.0,Feb 2018,2018-02-01,2018-02-01,False,False
,,,,,fechas,,,,,124.0,Mar 2018,2018-03-01,2018-03-01,False,False
,,,,,fechas,,,,,125.0,Abr 2018,2018-04-01,2018-04-01,False,False
,,,,,fechas,,,,,126.0,May 2018,2018-05-01,2018-05-01,False,False
,,,,,fechas,,,,,127.0,Jun 2018,2018-06-01,2018-06-01,False,False
,,,,,fechas,,,,,128.0,Jul 2018,2018-07-01,2018-07-01,False,False
,,,,,fechas,,,,,129.0,Ago 2018,2018-08-01,2018-08-01,False,False
,,,,,fechas,,,,,130.0,Sep 2018,2018-09-01,2018-09-01,False,False
,,,,,fechas,,,,,131.0,Oct 2018,2018-10-01,2018-10-01,False,False
,,,,,fechas,,,,,132.0,Nov 2018,2018-11-01,2018-11-01,False,False
,,,,,fechas,,,,,133.0,2018,2018-12-01,,True,False
,,,,,fechas,,,,,134.0,Ene 2019,2019-01-01,2019-01-01,False,False
,,,,,fechas,,,,,135.0,Feb 2019,2019-02-01,2019-02-01,False,False
,,,,,fechas,,,,,136.0,Mar 2019,2019-03-01,2019-03-01,False,False
,,,,,fechas,,,,,137.0,Abr 2019,2019-04-01,2019-04-01,False,False
,,,,,fechas,,,,,138.0,May 2019,2019-05-01,2019-05-01,False,False
,,,,,fechas,,,,,139.0,Jun 2019,2019-06-01,2019-06-01,False,False
,,,,,fechas,,,,,140.0,Jul 2019,2019-07-01,2019-07-01,False,False
,,,,,fechas,,,,,141.0,Ago 2019,2019-08-01,2019-08-01,False,False
,,,,,fechas,,,,,142.0,Sep 2019,2019-09-01,2019-09-01,False,False
,,,,,fechas,,,,,143.0,Oct 2019,2019-10-01,2019-10-01,False,False
,,,,,fechas,,,,,144.0,Nov 2019,2019-11-01,2019-11-01,False,False
,,,,,fechas,,,,,145.0,2019,2019-12-01,,True,False
,,,,,fechas,,,,,146.0,Ene 2020,2020-01-01,2020-01-01,False,False
,,,,,fechas,,,,,147.0,Feb 2020,2020-02-01,2020-02-01,False,False
,,,,,fechas,,,,,148.0,Mar 2020,2020-03-01,2020-03-01,False,False
,,,,,fechas,,,,,149.0,Abr 2020,2020-04-01,2020-04-01,False,False
,,,,,fechas,,,,,150.0,May 2020,2020-05-01,2020-05-01,False,False
,,,,,fechas,,,,,151.0,Jun 2020,2020-06-01,2020-06-01,False,False
,,,,,fechas,,,,,152.0,Jul 2020,2020-07-01,2020-07-01,False,False
,,,,,fechas,,,,,153.0,Ago 2020,2020-08-01,2020-08-01,False,False
,,,,,fechas,,,,,154.0,Sep 2020,2020-09-01,2020-09-01,False,False
,,,,,fechas,,,,,155.0,Oct 2020,2020-10-01,2020-10-01,False,False
,,,,,fechas,,,,,156.0,Nov 2020,2020-11-01,2020-11-01,False,False
,,,,,fechas,,,,,157.0,2020,2020-12-01,,True,False
,,,,,fechas,,,,,158.0,Ene 2021,2021-01-01,2021-01-01,False,False
,,,,,fechas,,,,,159.0,Feb 2021,2021-02-01,2021-02-01,False,False
,,,,,fechas,,,,,160.0,Mar 2021,2021-03-01,2021-03-01,False,False
,,,,,fechas,,,,,161.0,Abr 2021,2021-04-01,2021-04-01,False,False
,,,,,fechas,,,,,162.0,May 2021,2021-05-01,2021-05-01,False,False
,,,,,fechas,,,,,163.0,Jun 2021,2021-06-01,2021-06-01,False,False
,,,,,fechas,,,,,164.0,Jul 2021,2021-07-01,2021-07-01,False,False
,,,,,fechas,,,,,165.0,Ago 2021,2021-08-01,2021-08-01,False,False
,,,,,fechas,,,,,166.0,Sep 2021,2021-09-01,2021-09-01,False,False
,,,,,fechas,,,,,167.0,Oct 2021,2021-10-01,2021-10-01,False,False
,,,,,fechas,,,,,168.0,Nov 2021,2021-11-01,2021-11-01,False,False
,,,,,fechas,,,,,169.0,2021,2021-12-01,,True,False
,,,,,fechas,,,,,170.0,Ene 2022,2022-01-01,2022-01-01,False,False
,,,,,fechas,,,,,171.0,Feb 2022,2022-02-01,2022-02-01,False,False
,,,,,fechas,,,,,172.0,Mar 2022,2022-03-01,2022-03-01,False,False
,,,,,fechas,,,,,173.0,Abr 2022,2022-04-01,2022-04-01,False,False
,,,,,fechas,,,,,174.0,May 2022,2022-05-01,2022-05-01,False,False
,,,,,fechas,,,,,175.0,Jun 2022,2022-06-01,2022-06-01,False,False
,,,,,fechas,,,,,176.0,Jul 2022,2022-07-01,2022-07-01,False,False
,,,,,fechas,,,,,177.0,Ago 2022,2022-08-01,2022-08-01,False,False
,,,,,fechas,,,,,178.0,Sep 2022,2022-09-01,2022-09-01,False,False
,,,,,fechas,,,,,179.0,Oct 2022,2022-10-01,2022-10-01,False,False
,,,,,fechas,,,,,180.0,Nov 2022,2022-11-01,2022-11-01,False,False
,,,,,fechas,,,,,181.0,2022,2022-12-01,,True,False
,,,,,fechas,,,,,182.0,Ene 2023,2023-01-01,2023-01-01,False,False
,,,,,fechas,,,,,183.0,Feb 2023,2023-02-01,2023-02-01,False,False
,,,,,fechas,,,,,184.0,Mar 2023,2023-03-01,2023-03-01,False,False
,,,,,fechas,,,,,185.0,Abr 2023,2023-04-01,2023-04-01,False,False
,,,,,fechas,,,,,186.0,May 2023,2023-05-01,2023-05-01,False,False
,,,,,fechas,,,,,187.0,Jun 2023,2023-06-01,2023-06-01,False,False
,,,,,fechas,,,,,188.0,Jul 2023,2023-07-01,2023-07-01,False,False
,,,,,fechas,,,,,189.0,Ago 2023,2023-08-01,2023-08-01,False,False
,,,,,fechas,,,,,190.0,Sept 2023,2023-09-01,2023-09-01,False,False
,,,,,fechas,,,,,191.0,Oct 2023,2023-10-01,2023-10-01,False,False
,,,,,fechas,,,,,192.0,Nov 2023,2023-11-01,2023-11-01,False,False
,,,,,fechas,,,,,193.0,Dic 2023,2023-12-01,2023-12-01,False,False
,,,,,fechas,,,,,194.0,Ene 2024,2024-01-01,2024-01-01,False,False
,,,,,fechas,,,,,195.0,Feb2024,2024-02-01,,True,False
,,,,,fechas,,,,,196.0,Mar2024,2024-03-01,,True,False
,,,,,fechas,,,,,197.0,Abr2024,2024-04-01,,True,False
,,,,,fechas,,,,,198.0,May2024,2024-05-01,,True,False
,,,,,fechas,,,,,199.0,Jun2024,2024-06-01,,True,False
,,,,,fechas,,,,,200.0,Jul2024,2024-07-01,,True,False
,,,,,fechas,,,,,201.0,Ago2024,2024-08-01,,True,False
,,,,,fechas,,,,,202.0,Sep2024,2024-09-01,,True,False
,,,,,fechas,,,,,203.0,Oct2024,2024-10-01,,True,False
,,,,,fechas,,,,,204.0,Nov2024,2024-11-01,,True,False
,,,,,fechas,,,,,205.0,Dic2024,2024-12-01,,True,False
,,,,,fechas,,,,,206.0,Ene 2025,2025-01-01,2025-01-01,False,False
,,,,,fechas,,,,,207.0,Feb 2025,2025-02-01,2025-02-01,False,False
,,,,,fechas,,,,,208.0,Mar2025,2025-03-01,,True,False
,,,,,fechas,,,,,209.0,Abr2025,2025-04-01,,True,False
,,,,,fechas,,,,,210.0,May2025,2025-05-01,,True,False
,,,,,fechas,,,,,211.0,Jun 2025,2025-06-01,2025-06-01,False,False
,,,,,fechas,,,,,212.0,Jul2025,2025-07-01,,True,False
,,,,,fechas,,,,,213.0,Ago2025,2025-08-01,,True,False
,,,,,fechas,,,,,214.0,Sep2025,2025-09-01,,True,False
,,,,,fechas,,,,,215.0,Oct2025,2025-10-01,,True,False
,,,,,fechas,,,,,216.0,Nota 1:,2025-11-01,,True,False
,,,,,fechas,,,,,217.0,Nota 2:,2025-12-01,,True,False
,,,,,fechas,,,,,218.0,Nota 3: ,2026-01-01,,True,False
,,,,,fechas,,,,,219.0,Nota 4:,2026-02-01,,True,False
,,,,,fechas,,,,,220.0,Nota 5:,2026-03-01,,True,False
,,,,,fechas,,,,,221.0,Nota 6:,2026-04-01,,True,False
,,,,,fechas,,,,,222.0,Nota 7:,2026-05-01,,True,False
,,,,,fechas,,,,,223.0,Nota 8:,2026-06-01,,True,False
,,,,,fechas,,,,,224.0,Nota 9:,2026-07-01,,True,False
,,,,,fechas,,,,,225.0,Nota 10:,2026-08-01,,True,False
,,,,,fechas,,,,,226.0,Nota 10:,2026-09-01,,True,False
,,,,,fechas,,,,,227.0,Nota 11:,2026-10-01,,True,False
